datetime,timestamp,open,high,low,close,vwap,volume,count
2025-03-16 22:00:00,1742162400.0,82765.8,82830.0,82129.0,82129.1,82390.5,77.83785146,1630.0
2025-03-16 23:00:00,1742166000.0,82129.1,82621.4,82009.8,82599.9,82230.0,76.40359403,1039.0
2025-03-17 00:00:00,1742169600.0,82600.0,83096.3,82573.7,83061.0,82796.3,112.91843033,889.0
2025-03-17 01:00:00,1742173200.0,83061.0,83329.1,82830.0,83264.9,83105.1,16.41272427,772.0
2025-03-17 02:00:00,1742176800.0,83264.9,83304.0,82971.5,83215.6,83177.9,17.0580584,474.0
2025-03-17 03:00:00,1742180400.0,83215.6,83720.0,83215.6,83702.4,83524.2,13.98988665,600.0
2025-03-17 04:00:00,1742184000.0,83702.4,83838.8,83537.5,83566.3,83680.8,18.49014735,566.0
2025-03-17 05:00:00,1742187600.0,83566.3,83566.3,83129.2,83132.4,83347.9,5.10407386,540.0
2025-03-17 06:00:00,1742191200.0,83132.4,83276.4,82697.2,83165.1,82870.4,104.86607684,843.0
2025-03-17 07:00:00,1742194800.0,83165.2,83573.6,83165.1,83566.1,83389.9,32.8567344,555.0
2025-03-17 08:00:00,1742198400.0,83564.0,83659.7,83228.9,83567.8,83463.1,24.43955348,553.0
2025-03-17 09:00:00,1742202000.0,83551.3,83709.9,83450.1,83619.9,83542.7,19.63387505,468.0
2025-03-17 10:00:00,1742205600.0,83620.0,83620.0,83270.0,83341.1,83437.2,29.2738156,485.0
2025-03-17 11:00:00,1742209200.0,83341.1,83620.0,83250.0,83527.6,83433.0,43.80376092,625.0
2025-03-17 12:00:00,1742212800.0,83527.6,83931.1,83033.2,83097.1,83428.1,65.12360313,1567.0
2025-03-17 13:00:00,1742216400.0,83097.1,83710.1,82840.7,83074.6,83167.5,79.23532131,1572.0
2025-03-17 14:00:00,1742220000.0,83046.7,83289.1,82500.0,82898.9,82917.4,102.93249224,1634.0
2025-03-17 15:00:00,1742223600.0,82903.1,83666.0,82751.3,83517.9,83427.5,39.42471083,1122.0
2025-03-17 16:00:00,1742227200.0,83518.0,83840.3,83123.0,83418.8,83541.1,49.42452754,1251.0
2025-03-17 17:00:00,1742230800.0,83418.8,84300.0,83399.7,84160.0,83909.0,256.57682991,1760.0
2025-03-17 18:00:00,1742234400.0,84160.0,84555.0,84006.4,84503.0,84331.3,55.9182068,1277.0
2025-03-17 19:00:00,1742238000.0,84503.1,84700.0,84311.0,84469.9,84506.0,60.12379626,1199.0
2025-03-17 20:00:00,1742241600.0,84470.0,84489.0,83843.5,83952.1,84091.3,42.05807239,1172.0
2025-03-17 21:00:00,1742245200.0,83959.9,84203.0,83878.8,84084.4,84008.0,18.76127053,847.0
2025-03-17 22:00:00,1742248800.0,84084.4,84238.6,84012.4,84100.1,84172.9,30.32035122,709.0
2025-03-17 23:00:00,1742252400.0,84100.1,84105.2,83780.3,84015.2,83971.3,23.41480372,670.0
2025-03-18 00:00:00,1742256000.0,84015.2,84015.2,83718.2,83808.9,83823.3,11.48048992,764.0
2025-03-18 01:00:00,1742259600.0,83808.9,83912.9,83038.2,83193.7,83346.5,53.96119325,1466.0
2025-03-18 02:00:00,1742263200.0,83193.7,83495.0,83120.0,83371.3,83243.8,27.20257648,679.0
2025-03-18 03:00:00,1742266800.0,83371.4,83371.4,82962.7,83138.7,83099.4,18.21589431,718.0
2025-03-18 04:00:00,1742270400.0,83138.7,83159.5,82914.0,82984.9,83043.7,70.01498629,697.0
2025-03-18 05:00:00,1742274000.0,82984.9,83100.0,82915.6,83015.5,83021.1,54.26290311,549.0
2025-03-18 06:00:00,1742277600.0,83015.5,83022.2,82250.0,82427.1,82627.3,86.25845542,1280.0
2025-03-18 07:00:00,1742281200.0,82427.1,83239.1,82354.4,83174.1,83003.8,70.87954024,1029.0
2025-03-18 08:00:00,1742284800.0,83174.2,83434.1,83091.3,83257.2,83233.5,17.17870623,530.0
2025-03-18 09:00:00,1742288400.0,83257.3,83280.0,82762.8,82810.8,83066.9,31.56448322,578.0
2025-03-18 10:00:00,1742292000.0,82816.3,82933.7,82642.0,82767.0,82756.3,63.98687415,697.0
2025-03-18 11:00:00,1742295600.0,82767.0,82844.7,82543.0,82595.1,82694.7,11.10198811,661.0
2025-03-18 12:00:00,1742299200.0,82595.1,82791.8,82400.0,82400.1,82513.5,56.93868894,991.0
2025-03-18 13:00:00,1742302800.0,82400.1,82471.7,81167.9,81401.0,81845.8,244.95109116,2949.0
2025-03-18 14:00:00,1742306400.0,81401.0,81905.8,81166.0,81862.9,81459.7,263.04767245,1976.0
2025-03-18 15:00:00,1742310000.0,81862.9,82128.0,81538.9,81572.5,81789.8,59.85352975,1277.0
2025-03-18 16:00:00,1742313600.0,81572.5,82128.0,81537.2,81869.9,81758.7,56.03524279,1314.0
2025-03-18 17:00:00,1742317200.0,81869.9,81951.0,81323.9,81473.9,81639.9,68.25050191,1439.0
2025-03-18 18:00:00,1742320800.0,81473.9,81918.3,81256.1,81822.0,81528.7,60.39382403,1336.0
2025-03-18 19:00:00,1742324400.0,81822.1,82454.9,81765.1,82262.6,82063.2,83.0070341,1325.0
2025-03-18 20:00:00,1742328000.0,82301.8,82330.9,81900.0,81999.9,82100.0,30.67102669,958.0
2025-03-18 21:00:00,1742331600.0,82000.0,82173.2,81926.8,82003.7,82030.0,17.82943671,695.0
2025-03-18 22:00:00,1742335200.0,82003.7,82500.0,81992.6,82424.6,82369.9,36.66992745,1029.0
2025-03-18 23:00:00,1742338800.0,82424.6,82793.1,82404.6,82705.4,82616.2,32.27664076,929.0
2025-03-19 00:00:00,1742342400.0,82705.4,83168.1,82654.9,83099.0,82958.7,50.19193441,1019.0
2025-03-19 01:00:00,1742346000.0,83099.0,83145.4,82654.9,82654.9,82889.4,32.40020908,758.0
2025-03-19 02:00:00,1742349600.0,82655.0,82854.6,82553.3,82854.5,82661.6,107.77181116,708.0
2025-03-19 03:00:00,1742353200.0,82854.6,83059.6,82773.7,83059.6,82957.0,15.12800095,474.0
2025-03-19 04:00:00,1742356800.0,83059.6,83059.6,82820.4,82985.2,82984.7,12.92690858,376.0
2025-03-19 05:00:00,1742360400.0,82985.2,83296.2,82939.7,83252.9,83019.2,116.54475719,522.0
2025-03-19 06:00:00,1742364000.0,83252.9,83284.3,83157.4,83228.3,83205.3,15.065017,473.0
2025-03-19 07:00:00,1742367600.0,83228.3,83309.1,83115.3,83212.4,83209.4,11.46939943,392.0
2025-03-19 08:00:00,1742371200.0,83212.4,83456.7,83212.3,83425.2,83366.6,43.86905395,891.0
2025-03-19 09:00:00,1742374800.0,83425.2,83569.3,83367.8,83533.9,83489.1,45.72283315,739.0
2025-03-19 10:00:00,1742378400.0,83533.9,83760.2,83456.7,83478.0,83605.0,68.28075153,1071.0
2025-03-19 11:00:00,1742382000.0,83478.1,84049.0,83370.8,83909.8,83790.9,214.85465068,1386.0
2025-03-19 12:00:00,1742385600.0,83909.8,83911.9,83554.7,83760.3,83749.8,116.2862057,981.0
2025-03-19 13:00:00,1742389200.0,83760.4,84300.0,83669.7,84120.0,84033.6,133.74718106,1729.0
2025-03-19 14:00:00,1742392800.0,84120.0,84393.6,83900.0,84300.0,84176.6,179.46547815,1472.0
2025-03-19 15:00:00,1742396400.0,84300.0,84893.4,84115.0,84750.1,84473.8,205.30375401,1682.0
2025-03-19 16:00:00,1742400000.0,84750.1,84831.2,84456.9,84588.5,84620.4,123.04053269,1499.0
2025-03-19 17:00:00,1742403600.0,84588.5,84700.0,83803.6,84167.3,84273.4,152.54219294,1752.0
2025-03-19 18:00:00,1742407200.0,84167.3,85883.8,83600.0,85629.3,84794.2,380.39860183,4653.0
2025-03-19 19:00:00,1742410800.0,85629.4,85918.1,85000.0,85445.0,85429.6,178.43213431,2922.0
2025-03-19 20:00:00,1742414400.0,85445.0,85866.0,85221.1,85367.4,85679.9,123.64909342,1660.0
2025-03-19 21:00:00,1742418000.0,85369.8,85889.1,85369.8,85600.0,85685.6,42.87278586,1096.0
2025-03-19 22:00:00,1742421600.0,85608.5,86500.0,85608.5,86189.4,86095.1,159.90682174,1868.0
2025-03-19 23:00:00,1742425200.0,86211.7,87000.0,86211.7,86879.5,86777.7,143.59525875,1826.0
2025-03-20 00:00:00,1742428800.0,86879.6,87433.9,86000.0,86052.2,87110.5,341.16429563,2784.0
2025-03-20 01:00:00,1742432400.0,86052.2,86367.9,85743.7,85874.1,85950.9,105.74546418,1178.0
2025-03-20 02:00:00,1742436000.0,85874.2,86121.3,85662.0,86121.2,85812.7,174.52003277,944.0
2025-03-20 03:00:00,1742439600.0,86121.3,86135.0,85850.0,85900.2,86010.3,30.78942314,627.0
2025-03-20 04:00:00,1742443200.0,85900.3,85919.7,85445.9,85655.7,85615.5,101.87625466,1106.0
2025-03-20 05:00:00,1742446800.0,85655.8,85853.0,85469.1,85836.0,85765.0,75.69678176,1173.0
2025-03-20 06:00:00,1742450400.0,85836.0,86000.0,85650.0,85813.2,85864.1,72.1775624,1712.0
2025-03-20 07:00:00,1742454000.0,85813.2,85974.3,85733.4,85853.2,85837.1,26.30114755,535.0
2025-03-20 08:00:00,1742457600.0,85853.2,86300.5,85715.2,86250.0,86027.0,54.25706959,695.0
2025-03-20 09:00:00,1742461200.0,86250.1,86269.9,85811.4,85860.0,86062.7,33.14953907,602.0
2025-03-20 10:00:00,1742464800.0,85874.4,85937.0,84781.4,85151.1,85373.9,97.61866616,1723.0
2025-03-20 11:00:00,1742468400.0,85151.1,85486.3,85136.7,85485.4,85378.0,31.12936646,728.0
2025-03-20 12:00:00,1742472000.0,85485.4,85500.0,85229.9,85330.0,85349.7,31.85635218,943.0
2025-03-20 13:00:00,1742475600.0,85334.6,85784.3,85057.8,85500.9,85354.2,58.69438298,1263.0
2025-03-20 14:00:00,1742479200.0,85501.5,86505.4,85501.4,86126.5,86163.0,127.80299742,1875.0
2025-03-20 15:00:00,1742482800.0,86140.1,86182.0,84600.0,84676.7,85315.9,159.05460337,2490.0
2025-03-20 16:00:00,1742486400.0,84676.8,84854.1,83609.1,83738.7,84131.6,230.5344774,2635.0
2025-03-20 17:00:00,1742490000.0,83738.7,84314.8,83709.9,84052.7,83966.8,113.29079511,1680.0
2025-03-20 18:00:00,1742493600.0,84052.7,84250.0,83921.2,83999.8,84063.6,42.64411738,1045.0
2025-03-20 19:00:00,1742497200.0,84001.6,84378.0,83900.0,84140.6,84149.8,59.4707241,1002.0
2025-03-20 20:00:00,1742500800.0,84140.1,84533.3,84112.0,84512.9,84385.5,49.54704404,1009.0
2025-03-20 21:00:00,1742504400.0,84512.9,84568.0,84265.0,84320.9,84318.9,56.41191725,895.0
2025-03-20 22:00:00,1742508000.0,84320.9,84462.5,83955.6,84102.0,84218.1,46.85435813,1190.0
2025-03-20 23:00:00,1742511600.0,84102.0,84304.9,83884.6,84178.6,84032.3,36.13321056,742.0
2025-03-21 00:00:00,1742515200.0,84178.6,84426.1,84150.0,84426.1,84373.5,44.57976203,774.0
2025-03-21 01:00:00,1742518800.0,84426.1,84731.0,84341.6,84728.4,84544.9,37.94954609,1016.0
2025-03-21 02:00:00,1742522400.0,84725.0,84736.9,84507.6,84594.1,84630.8,51.53159367,1041.0
2025-03-21 03:00:00,1742526000.0,84594.1,84662.5,84258.2,84418.2,84480.5,32.01843568,913.0
2025-03-21 04:00:00,1742529600.0,84418.2,84771.3,84418.2,84645.2,84675.3,19.31333828,600.0
2025-03-21 05:00:00,1742533200.0,84645.2,84645.2,84318.0,84422.6,84433.3,13.54946459,628.0
2025-03-21 06:00:00,1742536800.0,84422.6,84427.4,84053.7,84144.3,84217.9,12.44476693,610.0
2025-03-21 07:00:00,1742540400.0,84144.3,84208.7,83750.0,83869.7,83905.1,28.71401136,684.0
2025-03-21 08:00:00,1742544000.0,83869.7,84120.4,83750.1,83968.8,84024.2,72.61725379,741.0
2025-03-21 09:00:00,1742547600.0,83968.9,84239.5,83804.4,84074.0,84089.1,7.28991764,537.0
2025-03-21 10:00:00,1742551200.0,84089.5,84240.4,83900.0,84134.2,84107.0,33.76649449,613.0
2025-03-21 11:00:00,1742554800.0,84134.3,84134.3,83920.0,84023.7,84012.5,13.20977877,546.0
2025-03-21 12:00:00,1742558400.0,84023.7,84250.0,83340.8,83388.7,83664.5,106.91457853,1494.0
2025-03-21 13:00:00,1742562000.0,83388.7,84000.0,83179.3,83913.0,83532.0,90.40131613,1666.0
2025-03-21 14:00:00,1742565600.0,83913.0,84219.7,83511.9,84205.0,83965.8,54.57897857,1290.0
2025-03-21 15:00:00,1742569200.0,84207.9,84220.6,83539.8,83550.3,83780.7,28.81168785,1119.0
2025-03-21 16:00:00,1742572800.0,83550.3,84059.9,83359.1,84059.9,83688.0,50.95822747,1143.0
2025-03-21 17:00:00,1742576400.0,84059.9,84085.6,83672.1,84000.1,83887.1,38.9284432,862.0
2025-03-21 18:00:00,1742580000.0,84000.1,84335.0,83887.0,84088.1,84100.5,42.73602282,1026.0
2025-03-21 19:00:00,1742583600.0,84088.1,84139.5,83820.5,83952.6,83966.8,21.25135745,928.0
2025-03-21 20:00:00,1742587200.0,83952.6,84157.4,83820.5,84155.4,84031.1,25.73706004,833.0
2025-03-21 21:00:00,1742590800.0,84155.4,84527.3,84155.3,84350.0,84356.8,37.71230843,1035.0
2025-03-21 22:00:00,1742594400.0,84350.0,84350.0,84113.0,84150.0,84289.1,143.92069495,924.0
2025-03-21 23:00:00,1742598000.0,84150.0,84150.0,84008.9,84034.3,84076.8,9.76454408,574.0
2025-03-22 00:00:00,1742601600.0,84034.3,84188.3,84014.3,84164.8,84110.7,19.57504892,619.0
2025-03-22 01:00:00,1742605200.0,84164.9,84290.9,84001.0,84055.8,84169.9,10.06725148,550.0
2025-03-22 02:00:00,1742608800.0,84055.8,84224.0,83982.9,84157.2,84140.9,16.34234215,867.0
2025-03-22 03:00:00,1742612400.0,84157.2,84238.4,84130.0,84220.4,84193.7,5.81582178,449.0
2025-03-22 04:00:00,1742616000.0,84220.4,84358.3,84183.2,84358.3,84274.0,42.1124791,443.0
2025-03-22 05:00:00,1742619600.0,84358.3,84358.3,84261.4,84310.3,84320.5,4.94715475,334.0
2025-03-22 06:00:00,1742623200.0,84310.3,84347.2,84141.7,84297.5,84293.3,3.41701201,395.0
2025-03-22 07:00:00,1742626800.0,84297.5,84350.0,84210.2,84210.3,84328.3,8.82049641,320.0
2025-03-22 08:00:00,1742630400.0,84210.3,84220.0,84154.9,84201.8,84182.5,1.72254668,265.0
2025-03-22 09:00:00,1742634000.0,84201.8,84450.0,84201.8,84354.3,84347.1,15.37911401,456.0
2025-03-22 10:00:00,1742637600.0,84354.4,84395.6,84331.2,84391.9,84374.2,2.23375869,287.0
2025-03-22 11:00:00,1742641200.0,84392.0,84392.0,84205.7,84205.7,84253.7,21.49085057,411.0
2025-03-22 12:00:00,1742644800.0,84210.1,84266.1,84149.6,84204.9,84199.8,8.70404312,482.0
2025-03-22 13:00:00,1742648400.0,84205.0,84220.3,84041.0,84145.8,84101.3,14.14010718,541.0
2025-03-22 14:00:00,1742652000.0,84145.8,84162.2,84000.0,84000.2,84054.0,8.72571675,656.0
2025-03-22 15:00:00,1742655600.0,84000.2,84100.0,83981.6,84100.0,84024.0,5.84130751,601.0
2025-03-22 16:00:00,1742659200.0,84100.0,84127.3,84038.4,84127.3,84099.4,11.88746218,617.0
2025-03-22 17:00:00,1742662800.0,84127.3,84246.0,84120.0,84230.0,84175.0,17.23170765,665.0
2025-03-22 18:00:00,1742666400.0,84230.0,84304.0,84192.9,84251.9,84249.5,13.155301,678.0
2025-03-22 19:00:00,1742670000.0,84251.9,84260.2,84177.5,84177.5,84219.2,3.9760665,573.0
2025-03-22 20:00:00,1742673600.0,84177.6,84197.2,83923.0,83929.5,83974.8,48.15624782,655.0
2025-03-22 21:00:00,1742677200.0,83929.5,84070.8,83825.8,84003.7,83920.2,30.60997324,816.0
2025-03-22 22:00:00,1742680800.0,84003.7,84046.4,83960.0,83960.0,84019.0,7.68139976,480.0
2025-03-22 23:00:00,1742684400.0,83960.0,83960.1,83667.4,83800.0,83825.7,118.21460261,844.0
2025-03-23 00:00:00,1742688000.0,83800.0,84021.5,83799.9,83991.5,83957.5,9.28708156,496.0
2025-03-23 01:00:00,1742691600.0,83991.5,84089.2,83991.4,84072.7,84062.0,2.37500734,341.0
2025-03-23 02:00:00,1742695200.0,84072.7,84200.9,84022.0,84200.9,84146.8,3.7306336,372.0
2025-03-23 03:00:00,1742698800.0,84200.9,84212.0,84151.9,84211.9,84186.2,3.86410047,395.0
2025-03-23 04:00:00,1742702400.0,84212.0,84212.0,84061.2,84103.3,84088.2,5.87936386,456.0
2025-03-23 05:00:00,1742706000.0,84103.4,84230.3,84103.3,84209.2,84204.7,20.68964829,373.0
2025-03-23 06:00:00,1742709600.0,84209.2,84264.2,84180.6,84264.2,84235.0,2.42908809,343.0
2025-03-23 07:00:00,1742713200.0,84264.2,84275.0,84264.0,84274.9,84268.0,10.02009437,298.0
2025-03-23 08:00:00,1742716800.0,84275.0,84275.0,84266.1,84275.0,84270.7,2.64582641,295.0
2025-03-23 09:00:00,1742720400.0,84275.0,84329.6,84275.0,84329.0,84311.7,31.38255356,328.0
2025-03-23 10:00:00,1742724000.0,84329.1,84436.5,84320.9,84436.4,84342.1,11.0800038,435.0
2025-03-23 11:00:00,1742727600.0,84436.5,84948.4,84436.4,84659.2,84720.0,38.0290129,1020.0
2025-03-23 12:00:00,1742731200.0,84659.2,84764.6,84600.0,84712.7,84694.5,19.98367414,412.0
2025-03-23 13:00:00,1742734800.0,84713.0,85052.4,84651.5,85052.4,84967.1,36.82275559,781.0
2025-03-23 14:00:00,1742738400.0,85053.8,85158.7,84912.1,84925.0,85005.6,16.21031943,756.0
2025-03-23 15:00:00,1742742000.0,84925.1,85200.0,84925.0,85177.5,85142.2,23.3790014,665.0
2025-03-23 16:00:00,1742745600.0,85177.6,85334.0,85000.0,85260.9,85157.1,58.15683821,1075.0
2025-03-23 17:00:00,1742749200.0,85260.9,85350.0,84868.5,85006.8,85134.7,100.24289967,1248.0
2025-03-23 18:00:00,1742752800.0,85006.9,85006.9,84819.3,84999.0,84912.3,52.93576019,828.0
2025-03-23 19:00:00,1742756400.0,84999.1,85077.0,84930.0,85000.0,85009.8,12.88635906,637.0
2025-03-23 20:00:00,1742760000.0,85000.0,85225.4,84999.9,85140.0,85148.3,19.28274194,523.0
2025-03-23 21:00:00,1742763600.0,85140.1,85165.6,84947.4,85165.5,85043.8,8.32873408,640.0
2025-03-23 22:00:00,1742767200.0,85165.5,85625.0,85165.5,85366.1,85482.8,45.5730855,1014.0
2025-03-23 23:00:00,1742770800.0,85366.2,86100.0,85366.2,86076.5,85774.9,53.2103977,1103.0
2025-03-24 00:00:00,1742774400.0,86076.5,86591.0,85866.6,86019.4,86275.5,90.87930238,1708.0
2025-03-24 01:00:00,1742778000.0,86019.5,86032.1,85568.4,85568.5,85819.8,31.18907139,994.0
2025-03-24 02:00:00,1742781600.0,85568.5,85946.3,85558.1,85918.2,85684.3,69.38988961,846.0
2025-03-24 03:00:00,1742785200.0,85918.3,86524.0,85901.2,86524.0,86326.2,36.7664373,848.0
2025-03-24 04:00:00,1742788800.0,86524.0,86887.8,86524.0,86867.5,86798.5,93.35939331,1067.0
2025-03-24 05:00:00,1742792400.0,86867.5,86996.2,86808.2,86914.7,86906.7,116.00946495,1045.0
2025-03-24 06:00:00,1742796000.0,86914.8,87248.0,86908.1,87130.8,87053.0,247.81975619,1421.0
2025-03-24 07:00:00,1742799600.0,87130.9,87181.5,86755.9,86918.7,86939.0,69.75895542,1044.0
2025-03-24 08:00:00,1742803200.0,86918.7,87500.0,86918.6,87422.1,87348.1,51.20046378,1287.0
2025-03-24 09:00:00,1742806800.0,87422.1,87500.0,87156.6,87156.9,87261.4,77.96543958,1276.0
2025-03-24 10:00:00,1742810400.0,87156.9,87860.0,87156.9,87812.0,87561.1,73.22249008,1159.0
2025-03-24 11:00:00,1742814000.0,87812.1,87835.3,87571.3,87692.0,87720.7,28.28918615,847.0
2025-03-24 12:00:00,1742817600.0,87692.0,87692.0,87282.2,87308.7,87410.2,72.0977614,1342.0
2025-03-24 13:00:00,1742821200.0,87308.7,87707.0,87105.3,87707.0,87277.8,106.4194942,1417.0
2025-03-24 14:00:00,1742824800.0,87707.0,88750.0,87689.0,87943.3,88174.3,344.27560199,3566.0
2025-03-24 15:00:00,1742828400.0,87943.3,88343.4,87741.5,88343.4,88055.1,71.67395487,1619.0
2025-03-24 16:00:00,1742832000.0,88343.4,88496.0,87752.0,88020.0,88108.0,69.04719433,1664.0
2025-03-24 17:00:00,1742835600.0,88024.8,88450.0,87959.4,88450.0,88326.8,74.10497873,1186.0
2025-03-24 18:00:00,1742839200.0,88450.0,88508.0,88200.0,88507.9,88360.7,51.5306884,1244.0
2025-03-24 19:00:00,1742842800.0,88508.0,88518.3,88000.0,88314.4,88252.0,97.02494283,1861.0
2025-03-24 20:00:00,1742846400.0,88297.6,88491.0,87852.9,87871.7,88108.9,46.54298167,1305.0
2025-03-24 21:00:00,1742850000.0,87855.7,88279.0,87855.6,88150.1,88039.5,126.43780273,784.0
2025-03-24 22:00:00,1742853600.0,88150.1,88197.2,87338.4,87461.6,87496.1,89.88482053,1079.0
2025-03-24 23:00:00,1742857200.0,87464.9,87536.3,87126.0,87505.3,87291.1,52.16346942,866.0
2025-03-25 00:00:00,1742860800.0,87511.9,87657.3,87304.8,87630.3,87504.5,14.38691788,590.0
2025-03-25 01:00:00,1742864400.0,87630.3,87630.3,86823.3,87098.9,86947.6,94.23941883,1089.0
2025-03-25 02:00:00,1742868000.0,87098.9,87098.9,86861.2,86861.3,86947.2,32.50068443,761.0
2025-03-25 03:00:00,1742871600.0,86861.4,87000.0,86382.3,86531.0,86656.1,62.89248845,1137.0
2025-03-25 04:00:00,1742875200.0,86531.1,86663.6,86306.7,86531.1,86529.9,18.49438899,656.0
2025-03-25 05:00:00,1742878800.0,86540.8,86781.6,86417.3,86720.1,86546.2,48.2659477,672.0
2025-03-25 06:00:00,1742882400.0,86720.1,86863.2,86559.0,86567.7,86729.1,36.00184787,720.0
2025-03-25 07:00:00,1742886000.0,86567.7,86809.8,86358.6,86428.4,86498.6,23.32848809,599.0
2025-03-25 08:00:00,1742889600.0,86428.4,86740.2,86428.3,86732.4,86629.7,19.32544885,495.0
2025-03-25 09:00:00,1742893200.0,86732.4,87316.5,86664.4,87247.2,87086.1,58.14542667,794.0
2025-03-25 10:00:00,1742896800.0,87247.2,87297.3,86978.3,87164.5,87187.6,57.12643679,477.0
2025-03-25 11:00:00,1742900400.0,87164.5,87499.0,87115.1,87400.1,87374.3,31.95535071,764.0
2025-03-25 12:00:00,1742904000.0,87400.1,87420.8,86999.9,87088.4,87216.3,47.13533404,1062.0
2025-03-25 13:00:00,1742907600.0,87088.4,87968.3,87087.9,87646.8,87586.3,56.84488805,1541.0
2025-03-25 14:00:00,1742911200.0,87646.8,88220.3,87392.1,88022.9,87904.4,67.8358223,1396.0
2025-03-25 15:00:00,1742914800.0,88022.9,88265.9,87734.7,87810.6,87965.4,32.29741268,1288.0
2025-03-25 16:00:00,1742918400.0,87819.4,87978.2,87700.0,87830.0,87758.6,201.65269826,1267.0
2025-03-25 17:00:00,1742922000.0,87829.9,88306.2,87829.9,87988.5,88076.0,66.7446746,1202.0
2025-03-25 18:00:00,1742925600.0,87988.5,88068.7,87610.2,87877.7,87767.7,36.80097864,1133.0
2025-03-25 19:00:00,1742929200.0,87877.7,88269.8,87861.9,88111.9,88033.4,63.8272826,1748.0
2025-03-25 20:00:00,1742932800.0,88129.1,88500.0,87861.9,87892.3,88268.2,40.38685805,1522.0
2025-03-25 21:00:00,1742936400.0,87892.4,88205.0,87800.0,87800.1,87990.8,26.94627861,970.0
2025-03-25 22:00:00,1742940000.0,87800.1,87828.6,87262.5,87531.7,87570.3,39.69236465,1162.0
2025-03-25 23:00:00,1742943600.0,87531.7,87531.7,87195.7,87458.1,87327.9,98.98969904,945.0
2025-03-26 00:00:00,1742947200.0,87458.1,87794.1,87300.6,87666.2,87569.1,39.25787537,788.0
2025-03-26 01:00:00,1742950800.0,87666.3,87897.2,87604.4,87871.6,87819.9,61.85483185,810.0
2025-03-26 02:00:00,1742954400.0,87871.6,87871.6,87342.2,87354.8,87574.3,19.3809516,827.0
2025-03-26 03:00:00,1742958000.0,87354.8,87372.3,87080.7,87150.9,87223.4,44.46481595,758.0
2025-03-26 04:00:00,1742961600.0,87151.0,87441.7,87120.3,87329.2,87251.6,98.43013773,782.0
2025-03-26 05:00:00,1742965200.0,87329.3,87616.1,87259.9,87566.7,87498.5,42.44256238,511.0
2025-03-26 06:00:00,1742968800.0,87566.7,87900.0,87523.8,87899.9,87640.0,26.14765814,555.0
2025-03-26 07:00:00,1742972400.0,87900.0,88250.0,87784.6,88197.6,88091.3,29.69575055,817.0
2025-03-26 08:00:00,1742976000.0,88197.6,88197.6,87927.5,87996.2,88028.9,13.76364718,467.0
2025-03-26 09:00:00,1742979600.0,87996.3,88023.0,87869.9,87950.7,87944.5,26.00448287,494.0
2025-03-26 10:00:00,1742983200.0,87950.7,88259.9,87950.6,88257.7,88144.6,57.63475934,661.0
2025-03-26 11:00:00,1742986800.0,88257.7,88263.0,88001.1,88001.2,88181.2,59.0863342,678.0
2025-03-26 12:00:00,1742990400.0,88001.2,88015.0,87610.1,87814.5,87831.8,46.13857156,916.0
2025-03-26 13:00:00,1742994000.0,87814.6,87937.7,86766.0,86888.0,87319.9,153.4226856,2174.0
2025-03-26 14:00:00,1742997600.0,86856.8,87277.0,86466.3,86805.8,86758.3,132.20899778,2370.0
2025-03-26 15:00:00,1743001200.0,86805.8,86989.3,86619.2,86750.0,86836.4,59.85908208,1476.0
2025-03-26 16:00:00,1743004800.0,86750.0,87000.0,86408.6,86517.5,86676.1,84.41335551,1604.0
2025-03-26 17:00:00,1743008400.0,86517.5,86798.9,86489.3,86517.6,86577.7,112.89993502,1455.0
2025-03-26 18:00:00,1743012000.0,86517.6,86725.6,86166.2,86201.5,86407.3,44.35582257,1314.0
2025-03-26 19:00:00,1743015600.0,86201.6,86736.5,85853.7,86545.8,86280.7,215.19232522,3389.0
2025-03-26 20:00:00,1743019200.0,86545.9,87300.0,86507.1,87264.1,87158.3,307.34370588,1852.0
2025-03-26 21:00:00,1743022800.0,87264.2,87268.9,86776.2,87173.9,87001.5,46.54910112,911.0
2025-03-26 22:00:00,1743026400.0,87173.9,87173.9,86801.1,86852.8,86920.6,40.57093053,681.0
2025-03-26 23:00:00,1743030000.0,86852.8,86910.0,86583.7,86899.0,86682.2,47.0864996,768.0
2025-03-27 00:00:00,1743033600.0,86899.0,87255.0,86808.8,87255.0,87152.9,71.71834291,942.0
2025-03-27 01:00:00,1743037200.0,87255.0,87477.0,87235.4,87424.4,87356.7,12.70839605,700.0
2025-03-27 02:00:00,1743040800.0,87424.4,87755.8,87406.9,87602.1,87577.7,23.35950613,794.0
2025-03-27 03:00:00,1743044400.0,87602.1,87700.0,87497.0,87670.0,87570.2,36.23120304,724.0
2025-03-27 04:00:00,1743048000.0,87670.0,87700.0,87476.1,87500.0,87566.3,13.03614105,513.0
2025-03-27 05:00:00,1743051600.0,87500.0,87517.5,87306.9,87307.0,87416.0,7.70554605,507.0
2025-03-27 06:00:00,1743055200.0,87307.0,87522.1,87306.9,87350.0,87476.8,8.84663971,482.0
2025-03-27 07:00:00,1743058800.0,87350.1,87421.0,87298.9,87411.2,87356.2,24.89443685,481.0
2025-03-27 08:00:00,1743062400.0,87411.3,87547.5,87301.4,87434.0,87454.1,43.73581178,616.0
2025-03-27 09:00:00,1743066000.0,87434.1,87537.6,87421.7,87423.5,87487.5,5.87939956,322.0
2025-03-27 10:00:00,1743069600.0,87423.6,87542.2,87124.2,87206.9,87294.9,61.62967676,726.0
2025-03-27 11:00:00,1743073200.0,87207.0,87315.4,86840.7,86957.9,86985.8,46.37302265,904.0
2025-03-27 12:00:00,1743076800.0,86957.9,87105.2,86750.0,86775.0,86948.4,36.40809292,917.0
2025-03-27 13:00:00,1743080400.0,86775.0,86843.8,85838.9,86383.4,86160.2,114.24192152,2557.0
2025-03-27 14:00:00,1743084000.0,86383.4,87271.6,86226.2,87260.8,86816.2,62.43404774,1531.0
2025-03-27 15:00:00,1743087600.0,87273.9,87523.9,86765.0,86952.9,87254.3,96.89800706,1501.0
2025-03-27 16:00:00,1743091200.0,86953.0,87223.9,86817.2,86832.8,86956.7,52.29156336,1303.0
2025-03-27 17:00:00,1743094800.0,86832.8,87147.3,86780.5,86890.3,86947.3,24.55138435,889.0
2025-03-27 18:00:00,1743098400.0,86890.3,87373.7,86876.1,87193.1,87175.2,58.03155189,1165.0
2025-03-27 19:00:00,1743102000.0,87193.1,87405.2,87010.9,87013.5,87292.6,135.25440731,1953.0
2025-03-27 20:00:00,1743105600.0,87029.2,87323.6,86950.0,87300.0,87083.4,22.72191623,904.0
2025-03-27 21:00:00,1743109200.0,87300.0,87682.4,87235.0,87525.4,87512.5,24.35501081,933.0
2025-03-27 22:00:00,1743112800.0,87525.4,87528.0,87299.6,87376.8,87378.9,17.806101,741.0
2025-03-27 23:00:00,1743116400.0,87376.8,87376.8,87154.0,87209.9,87220.4,17.87195229,698.0
2025-03-28 00:00:00,1743120000.0,87209.9,87360.1,86939.2,87341.5,87093.7,18.1804903,805.0
2025-03-28 01:00:00,1743123600.0,87341.5,87441.7,87101.6,87226.4,87267.6,15.01279641,628.0
2025-03-28 02:00:00,1743127200.0,87226.5,87310.1,86915.7,86925.8,87088.5,98.19793524,961.0
2025-03-28 03:00:00,1743130800.0,86925.8,86951.0,86768.8,86769.2,86811.2,22.4105535,779.0
2025-03-28 04:00:00,1743134400.0,86769.2,86798.5,85983.7,86292.1,86217.0,52.23993986,1547.0
2025-03-28 05:00:00,1743138000.0,86292.1,86292.1,85850.0,86060.4,85985.1,58.17180573,1172.0
2025-03-28 06:00:00,1743141600.0,86060.4,86231.2,85655.1,85677.6,85937.7,65.35560179,1174.0
2025-03-28 07:00:00,1743145200.0,85677.6,85838.3,85151.0,85182.6,85445.3,112.53253334,1787.0
2025-03-28 08:00:00,1743148800.0,85182.6,85394.0,85029.4,85219.0,85234.1,70.41887568,1393.0
2025-03-28 09:00:00,1743152400.0,85219.0,85348.9,85007.2,85122.9,85137.4,26.13828057,860.0
2025-03-28 10:00:00,1743156000.0,85122.9,85226.3,84899.0,84899.1,85044.8,65.80038545,1143.0
2025-03-28 11:00:00,1743159600.0,84899.1,85222.2,84826.1,85222.1,85035.1,70.32507989,1199.0
2025-03-28 12:00:00,1743163200.0,85222.1,85533.6,84900.0,85054.2,85128.0,45.88157729,1471.0
2025-03-28 13:00:00,1743166800.0,85054.2,85500.0,84924.0,84957.0,85207.4,52.77495653,1292.0
2025-03-28 14:00:00,1743170400.0,84975.6,85051.1,84151.0,84157.5,84386.2,366.97294934,3306.0
2025-03-28 15:00:00,1743174000.0,84157.5,84466.7,83951.7,84010.6,84141.3,180.77491783,2562.0
2025-03-28 16:00:00,1743177600.0,84009.4,84129.7,83669.7,83740.3,83888.4,191.12811362,2474.0
2025-03-28 17:00:00,1743181200.0,83740.4,83952.4,83530.1,83943.3,83691.0,113.44777622,1861.0
2025-03-28 18:00:00,1743184800.0,83943.3,84092.5,83700.0,83827.5,83851.8,102.49466266,1569.0
2025-03-28 19:00:00,1743188400.0,83827.6,83844.4,83600.0,83742.7,83671.1,97.7365995,1553.0
2025-03-28 20:00:00,1743192000.0,83742.7,84112.7,83699.1,83765.4,83869.5,27.35110982,1175.0
2025-03-28 21:00:00,1743195600.0,83765.5,84041.9,83658.4,83984.2,83827.6,36.57042385,1041.0
2025-03-28 22:00:00,1743199200.0,83984.3,84416.0,83984.3,84416.0,84238.1,137.38316977,1153.0
2025-03-28 23:00:00,1743202800.0,84420.2,84430.0,84200.1,84373.9,84339.5,25.68323854,850.0
2025-03-29 00:00:00,1743206400.0,84373.9,84559.8,84370.0,84370.1,84407.1,30.52127487,924.0
2025-03-29 01:00:00,1743210000.0,84370.1,84465.6,84190.6,84251.9,84324.0,18.10806284,863.0
2025-03-29 02:00:00,1743213600.0,84251.9,84368.2,83830.5,83833.5,84103.9,49.3987912,845.0
2025-03-29 03:00:00,1743217200.0,83833.6,84150.0,83680.0,84149.9,83980.3,23.70218031,742.0
2025-03-29 04:00:00,1743220800.0,84149.9,84219.0,83954.9,84020.2,84117.6,36.34844143,559.0
2025-03-29 05:00:00,1743224400.0,84020.2,84037.9,83813.5,83966.4,83861.3,55.37226001,580.0
2025-03-29 06:00:00,1743228000.0,83966.4,83967.0,83701.2,83751.3,83764.9,5.26226424,489.0
2025-03-29 07:00:00,1743231600.0,83751.3,83792.6,83655.0,83664.9,83691.2,15.49538991,413.0
2025-03-29 08:00:00,1743235200.0,83665.0,83898.4,83664.9,83898.4,83772.8,14.81083545,399.0
2025-03-29 09:00:00,1743238800.0,83898.4,83898.4,83131.4,83490.1,83400.5,98.0502451,1530.0
2025-03-29 10:00:00,1743242400.0,83490.2,83498.9,82768.8,82861.7,82943.9,157.8863212,1600.0
2025-03-29 11:00:00,1743246000.0,82861.8,83000.0,81980.4,82247.3,82678.4,237.81866206,2617.0
2025-03-29 12:00:00,1743249600.0,82247.3,82463.3,82121.9,82424.9,82327.1,51.60095866,898.0
2025-03-29 13:00:00,1743253200.0,82419.3,82800.8,82416.1,82792.2,82631.3,73.7373548,1219.0
2025-03-29 14:00:00,1743256800.0,82800.8,82810.8,82437.3,82470.8,82532.7,27.09215329,1204.0
2025-03-29 15:00:00,1743260400.0,82470.9,82592.0,82364.8,82378.8,82413.2,34.76855557,995.0
2025-03-29 16:00:00,1743264000.0,82393.0,82604.4,82154.6,82155.0,82388.4,53.66767205,1245.0
2025-03-29 17:00:00,1743267600.0,82155.0,82523.1,81655.0,82314.9,81964.1,53.99350786,2138.0
2025-03-29 18:00:00,1743271200.0,82314.9,82592.6,82250.0,82371.1,82483.2,26.81524764,1162.0
2025-03-29 19:00:00,1743274800.0,82371.1,82695.0,82187.7,82695.0,82350.4,24.39549734,1304.0
2025-03-29 20:00:00,1743278400.0,82696.0,82764.1,82437.4,82493.5,82607.8,12.56830171,1118.0
2025-03-29 21:00:00,1743282000.0,82493.5,82640.8,82376.1,82500.1,82511.5,17.38941052,852.0
2025-03-29 22:00:00,1743285600.0,82500.1,82500.1,82229.9,82371.2,82383.3,24.28020976,791.0
2025-03-29 23:00:00,1743289200.0,82371.2,82621.9,82303.3,82613.8,82411.8,14.00066392,789.0
2025-03-30 00:00:00,1743292800.0,82613.8,82850.0,82505.0,82775.6,82654.2,29.68387705,909.0
2025-03-30 01:00:00,1743296400.0,82775.6,83000.0,82765.8,82908.3,82930.3,65.04740322,858.0
2025-03-30 02:00:00,1743300000.0,82908.3,83329.1,82908.2,83264.9,83178.7,23.73929939,976.0
2025-03-30 03:00:00,1743303600.0,83265.0,83450.0,83051.2,83061.2,83355.0,13.13125922,837.0
2025-03-30 04:00:00,1743307200.0,83061.2,83260.5,83061.2,83099.1,83157.1,7.71381549,576.0
2025-03-30 05:00:00,1743310800.0,83099.1,83159.0,82939.9,82940.0,83076.9,17.90138629,679.0
2025-03-30 06:00:00,1743314400.0,82940.0,83283.2,82860.5,83163.3,83045.1,61.46673305,769.0
2025-03-30 07:00:00,1743318000.0,83163.4,83292.3,83049.7,83060.4,83134.7,50.3539743,555.0
2025-03-30 08:00:00,1743321600.0,83060.5,83369.1,83060.4,83369.0,83291.4,76.07058893,567.0
2025-03-30 09:00:00,1743325200.0,83369.1,83498.4,83282.0,83481.2,83383.3,45.67404833,642.0
2025-03-30 10:00:00,1743328800.0,83481.2,83500.0,83042.0,83090.2,83132.4,81.95792733,783.0
2025-03-30 11:00:00,1743332400.0,83090.3,83319.2,82945.8,83076.6,83089.5,11.60429443,739.0
2025-03-30 12:00:00,1743336000.0,83076.6,83223.9,82940.0,83026.2,83052.4,14.59256857,859.0
2025-03-30 13:00:00,1743339600.0,83026.2,83106.2,82479.5,82663.2,82687.3,76.13461645,1238.0
2025-03-30 14:00:00,1743343200.0,82663.3,82971.8,82609.9,82766.5,82757.8,27.37701107,888.0
2025-03-30 15:00:00,1743346800.0,82766.6,82998.9,82721.9,82724.2,82835.6,7.93299837,728.0
2025-03-30 16:00:00,1743350400.0,82724.3,82763.8,82167.4,82265.6,82481.4,67.61376728,1461.0
2025-03-30 17:00:00,1743354000.0,82263.7,82525.0,82050.0,82371.8,82301.6,26.47606368,1041.0
2025-03-30 18:00:00,1743357600.0,82371.8,82758.1,82371.7,82673.2,82627.6,52.81808349,988.0
2025-03-30 19:00:00,1743361200.0,82673.2,82816.6,82526.1,82528.5,82662.4,21.51973989,816.0
2025-03-30 20:00:00,1743364800.0,82528.6,82611.3,82373.1,82514.1,82511.2,14.8620517,824.0
2025-03-30 21:00:00,1743368400.0,82514.1,82648.9,82100.0,82238.1,82289.6,17.4391063,1034.0
2025-03-30 22:00:00,1743372000.0,82238.1,82672.8,81588.7,82391.8,81943.9,80.43282741,1938.0
2025-03-30 23:00:00,1743375600.0,82391.8,82418.3,81931.1,82325.4,82152.8,24.83059771,1083.0
2025-03-31 00:00:00,1743379200.0,82325.4,82398.9,81270.3,81586.1,81590.4,98.76929565,2001.0
2025-03-31 01:00:00,1743382800.0,81587.0,82248.8,81549.1,81983.0,81866.6,39.31573225,1087.0
2025-03-31 02:00:00,1743386400.0,81983.0,82117.0,81666.1,81913.1,81765.4,37.39866065,778.0
2025-03-31 03:00:00,1743390000.0,81913.2,82021.2,81500.0,81508.6,81757.5,17.33594035,852.0
2025-03-31 04:00:00,1743393600.0,81508.6,81850.0,81426.2,81850.0,81721.7,20.30828882,699.0
2025-03-31 05:00:00,1743397200.0,81850.0,82250.0,81841.8,82124.0,82126.1,17.7442762,650.0
2025-03-31 06:00:00,1743400800.0,82124.0,82249.9,81914.7,81999.9,82068.7,25.01387769,531.0
2025-03-31 07:00:00,1743404400.0,82000.0,82250.0,81754.5,81837.8,81956.6,19.67713152,635.0
2025-03-31 08:00:00,1743408000.0,81894.9,82198.6,81894.9,81901.2,82096.7,23.4261029,623.0
2025-03-31 09:00:00,1743411600.0,81901.2,81917.6,81310.3,81456.7,81528.3,48.87079393,1169.0
2025-03-31 10:00:00,1743415200.0,81456.1,82195.0,81320.2,82148.3,81613.4,38.87588912,1225.0
2025-03-31 11:00:00,1743418800.0,82148.3,82235.0,81932.4,82169.6,82116.8,14.0844753,697.0
2025-03-31 12:00:00,1743422400.0,82169.6,83163.5,81926.1,82800.9,82348.7,128.18164282,1409.0
2025-03-31 13:00:00,1743426000.0,82800.9,82842.1,81656.9,82445.9,82249.4,85.99585125,2156.0
2025-03-31 14:00:00,1743429600.0,82467.6,83710.0,82467.6,83469.7,83207.1,204.73682163,2682.0
2025-03-31 15:00:00,1743433200.0,83494.9,83870.8,83399.9,83400.0,83581.6,109.10780097,3027.0
2025-03-31 16:00:00,1743436800.0,83400.0,83688.4,83287.9,83289.1,83404.0,86.63600555,1960.0
2025-03-31 17:00:00,1743440400.0,83289.2,83501.9,82592.4,82679.5,82990.3,132.40283539,2519.0
2025-03-31 18:00:00,1743444000.0,82679.5,83509.3,82679.4,83303.7,83197.8,112.498882,2131.0
2025-03-31 19:00:00,1743447600.0,83286.1,83422.1,82368.9,82394.4,82877.4,240.58009373,3259.0
2025-03-31 20:00:00,1743451200.0,82394.5,82798.7,82358.5,82427.7,82626.5,93.07096244,1615.0
2025-03-31 21:00:00,1743454800.0,82427.7,82698.9,82427.7,82543.4,82575.0,30.86508482,938.0
2025-03-31 22:00:00,1743458400.0,82543.7,82553.4,82259.3,82381.1,82314.3,41.88808519,888.0
2025-03-31 23:00:00,1743462000.0,82386.0,82809.1,82305.5,82523.0,82512.3,27.90214316,994.0
2025-04-01 00:00:00,1743465600.0,82523.0,82755.7,82415.9,82637.9,82567.8,11.18921823,955.0
2025-04-01 01:00:00,1743469200.0,82630.7,82710.8,82495.0,82688.9,82601.4,11.28245508,783.0
2025-04-01 02:00:00,1743472800.0,82688.9,83049.6,82672.4,83030.0,82893.0,21.88982319,905.0
2025-04-01 03:00:00,1743476400.0,83030.0,83198.9,82923.5,82935.0,83108.4,63.82944727,725.0
2025-04-01 04:00:00,1743480000.0,82937.3,83199.0,82929.0,83078.0,83111.1,13.59108387,548.0
2025-04-01 05:00:00,1743483600.0,83078.0,83250.0,82989.5,82991.4,83151.3,4.41188669,583.0
2025-04-01 06:00:00,1743487200.0,82991.4,83466.1,82929.0,83466.1,83094.5,27.77801267,763.0
2025-04-01 07:00:00,1743490800.0,83466.1,83589.3,83396.2,83475.0,83476.8,23.90927973,841.0
2025-04-01 08:00:00,1743494400.0,83475.1,84160.8,83443.6,84110.2,83927.1,141.68647423,1506.0
2025-04-01 09:00:00,1743498000.0,84110.3,84375.5,84110.3,84356.8,84250.0,30.77847234,1232.0
2025-04-01 10:00:00,1743501600.0,84356.9,84470.0,84173.3,84176.2,84303.0,51.62989326,1467.0
2025-04-01 11:00:00,1743505200.0,84176.2,84186.0,83860.7,83907.1,84047.8,107.34507149,1372.0
2025-04-01 12:00:00,1743508800.0,83907.1,84100.0,83651.0,83651.1,83931.2,11.64564854,913.0
2025-04-01 13:00:00,1743512400.0,83651.2,83873.9,83459.2,83693.0,83671.0,53.13516987,1867.0
2025-04-01 14:00:00,1743516000.0,83691.0,84277.0,82512.3,84219.9,83462.2,253.41103486,3604.0
2025-04-01 15:00:00,1743519600.0,84200.1,85476.0,84169.6,85266.1,85001.7,281.40420659,3370.0
2025-04-01 16:00:00,1743523200.0,85266.1,85487.5,84870.1,85158.1,85164.8,109.48562256,1987.0
2025-04-01 17:00:00,1743526800.0,85158.0,85323.8,84905.5,85148.5,85111.6,48.83639344,1432.0
2025-04-01 18:00:00,1743530400.0,85148.5,85148.5,84725.7,85120.1,84980.8,126.65162034,1700.0
2025-04-01 19:00:00,1743534000.0,85120.1,85148.9,84816.9,84959.9,85040.9,30.71734776,1257.0
2025-04-01 20:00:00,1743537600.0,84960.0,85301.8,84811.0,85275.0,85087.6,108.6236431,1262.0
2025-04-01 21:00:00,1743541200.0,85266.1,85450.0,85165.7,85243.5,85253.7,153.53799836,1165.0
2025-04-01 22:00:00,1743544800.0,85243.5,85437.3,85102.8,85104.6,85241.0,26.73920681,1002.0
2025-04-01 23:00:00,1743548400.0,85104.7,85500.0,84983.7,85201.1,85252.1,44.21428955,929.0
2025-04-02 00:00:00,1743552000.0,85201.2,85257.0,84985.1,84985.1,85070.7,32.10190316,920.0
2025-04-02 01:00:00,1743555600.0,84985.2,85200.0,84873.1,85157.0,85015.5,30.07562267,968.0
2025-04-02 02:00:00,1743559200.0,85157.0,85166.9,84638.0,84735.0,84822.5,77.76316306,1705.0
2025-04-02 03:00:00,1743562800.0,84729.3,84905.4,84506.5,84550.0,84708.2,37.36013948,1427.0
2025-04-02 04:00:00,1743566400.0,84550.2,84726.6,84500.0,84600.3,84625.5,30.96070515,904.0
2025-04-02 05:00:00,1743570000.0,84603.3,84603.4,84129.2,84141.1,84369.4,46.85931163,871.0
2025-04-02 06:00:00,1743573600.0,84141.1,84300.0,83931.8,84126.9,84036.3,79.98370809,1166.0
2025-04-02 07:00:00,1743577200.0,84127.1,84446.1,84036.3,84446.1,84295.4,52.33879976,880.0
2025-04-02 08:00:00,1743580800.0,84446.1,85000.7,84321.0,84680.2,84663.3,115.43949588,1145.0
2025-04-02 09:00:00,1743584400.0,84680.2,85447.9,84672.2,85030.0,85019.6,94.59496722,1521.0
2025-04-02 10:00:00,1743588000.0,85030.0,85295.1,84629.0,84834.1,84888.7,131.23875714,1297.0
2025-04-02 11:00:00,1743591600.0,84834.1,84923.9,84538.5,84538.6,84698.0,43.95452718,970.0
2025-04-02 12:00:00,1743595200.0,84538.6,85035.9,84486.9,85035.9,84769.1,36.37375929,1245.0
2025-04-02 13:00:00,1743598800.0,85035.8,86050.0,84506.1,85271.2,85566.0,194.09391924,3465.0
2025-04-02 14:00:00,1743602400.0,85271.3,85932.8,85250.0,85887.0,85609.8,85.45650185,2635.0
2025-04-02 15:00:00,1743606000.0,85878.1,87344.0,85851.2,86713.5,86530.8,357.99777664,5156.0
2025-04-02 16:00:00,1743609600.0,86713.5,87229.9,86622.1,87087.4,87037.8,109.54899885,3113.0
2025-04-02 17:00:00,1743613200.0,87075.1,87269.0,86364.0,86600.0,86917.5,105.02483136,2257.0
2025-04-02 18:00:00,1743616800.0,86600.0,86702.8,86222.0,86281.6,86478.4,82.50192232,1807.0
2025-04-02 19:00:00,1743620400.0,86292.0,86985.3,86242.3,86940.0,86467.5,74.42255993,1923.0
2025-04-02 20:00:00,1743624000.0,86931.1,89042.7,85245.0,85674.9,86872.4,783.21805851,11162.0
2025-04-02 21:00:00,1743627600.0,85664.0,85731.8,84203.7,84837.7,84755.0,372.5969119,4448.0
2025-04-02 22:00:00,1743631200.0,84840.5,84840.5,82651.2,82780.1,83495.7,339.23797035,6043.0
2025-04-02 23:00:00,1743634800.0,82780.2,82795.4,82141.5,82508.1,82507.4,269.46854513,3866.0
2025-04-03 00:00:00,1743638400.0,82508.1,83388.9,82205.0,83231.2,82861.4,199.61872768,3324.0
2025-04-03 01:00:00,1743642000.0,83231.2,83911.0,83099.7,83800.1,83422.5,56.75715533,1857.0
2025-04-03 02:00:00,1743645600.0,83800.0,83881.5,83286.0,83761.7,83546.9,94.59656008,1781.0
2025-04-03 03:00:00,1743649200.0,83761.7,83768.9,83400.0,83480.9,83560.0,10.90643395,875.0
2025-04-03 04:00:00,1743652800.0,83480.9,83699.0,83286.4,83556.1,83478.0,33.75141592,977.0
2025-04-03 05:00:00,1743656400.0,83556.1,83673.0,83367.0,83367.0,83528.6,10.21124204,676.0
2025-04-03 06:00:00,1743660000.0,83367.1,83367.1,83055.0,83055.1,83259.5,12.63833887,969.0
2025-04-03 07:00:00,1743663600.0,83055.1,83468.9,82975.4,83468.9,83145.6,19.77030145,1011.0
2025-04-03 08:00:00,1743667200.0,83468.9,83719.3,83441.3,83708.8,83622.9,62.824372,1203.0
2025-04-03 09:00:00,1743670800.0,83708.8,83720.0,83457.0,83466.0,83602.5,33.73292854,532.0
2025-04-03 10:00:00,1743674400.0,83466.0,83718.0,83200.0,83271.2,83609.0,124.61046842,1193.0
2025-04-03 11:00:00,1743678000.0,83268.1,83322.1,83036.6,83039.6,83136.9,23.12057549,1114.0
2025-04-03 12:00:00,1743681600.0,83039.6,83093.1,81844.3,81941.5,82356.3,180.92893337,3849.0
2025-04-03 13:00:00,1743685200.0,81941.4,82714.6,81770.1,82350.1,82108.1,226.1055508,3605.0
2025-04-03 14:00:00,1743688800.0,82350.0,82386.0,81250.0,81477.0,81811.2,242.09217232,4375.0
2025-04-03 15:00:00,1743692400.0,81477.0,82045.0,81177.7,82026.1,81636.2,131.24255051,3028.0
2025-04-03 16:00:00,1743696000.0,82026.1,82384.6,81738.7,81823.0,82055.5,81.72747439,2252.0
2025-04-03 17:00:00,1743699600.0,81823.1,82114.8,81651.8,81817.3,81832.8,66.97846231,1619.0
2025-04-03 18:00:00,1743703200.0,81817.3,82226.6,81538.8,82072.7,81757.6,68.24816759,2071.0
2025-04-03 19:00:00,1743706800.0,82072.7,82266.1,81810.1,81918.1,82023.4,34.37971275,1549.0
2025-04-03 20:00:00,1743710400.0,81918.1,82372.6,81780.0,82300.7,81962.5,28.44742904,1306.0
2025-04-03 21:00:00,1743714000.0,82300.8,82790.9,82300.8,82689.3,82506.2,60.4740458,1897.0
2025-04-03 22:00:00,1743717600.0,82689.4,82829.7,82574.5,82668.0,82719.4,37.85148862,1245.0
2025-04-03 23:00:00,1743721200.0,82668.0,83241.6,82494.0,83132.9,82857.8,101.4493413,1660.0
2025-04-04 00:00:00,1743724800.0,83133.0,83388.0,82977.6,83024.9,83199.1,59.84114725,1710.0
2025-04-04 01:00:00,1743728400.0,83025.0,83288.9,82543.4,82645.6,83034.8,67.04875507,1924.0
2025-04-04 02:00:00,1743732000.0,82645.6,83133.7,82645.6,82878.8,82961.6,24.89501185,1279.0
2025-04-04 03:00:00,1743735600.0,82878.8,83025.3,82674.0,82788.2,82799.1,6.58045496,858.0
2025-04-04 04:00:00,1743739200.0,82788.2,82850.0,82632.1,82692.1,82741.2,15.2625465,677.0
2025-04-04 05:00:00,1743742800.0,82692.1,83174.9,82618.2,83174.9,82976.2,18.76448314,746.0
2025-04-04 06:00:00,1743746400.0,83174.9,83219.2,83046.2,83070.1,83154.2,18.3659959,528.0
2025-04-04 07:00:00,1743750000.0,83070.1,84000.1,83070.0,83976.9,83757.6,120.57530715,1701.0
2025-04-04 08:00:00,1743753600.0,83976.9,84600.0,83976.8,84375.1,84420.8,52.75085489,1737.0
2025-04-04 09:00:00,1743757200.0,84375.1,84709.7,84132.1,84580.0,84402.1,49.46323376,1225.0
2025-04-04 10:00:00,1743760800.0,84580.0,84654.1,82422.9,82514.0,83182.0,281.75890448,4470.0
2025-04-04 11:00:00,1743764400.0,82514.0,82733.2,81657.9,82656.0,82123.4,103.91784119,3220.0
2025-04-04 12:00:00,1743768000.0,82656.0,83243.1,82195.1,82791.0,82653.3,91.6942337,2981.0
2025-04-04 13:00:00,1743771600.0,82800.0,83473.5,82128.0,83304.6,82860.3,177.05131056,3467.0
2025-04-04 14:00:00,1743775200.0,83303.7,83448.4,81818.7,82572.5,82635.5,175.34084829,4068.0
2025-04-04 15:00:00,1743778800.0,82566.1,83654.9,82500.0,82872.0,83236.7,210.16594863,4683.0
2025-04-04 16:00:00,1743782400.0,82863.0,83496.6,82750.1,83349.1,83229.8,98.93034088,2606.0
2025-04-04 17:00:00,1743786000.0,83349.1,84565.6,82950.1,84390.4,84069.6,106.21328694,3547.0
2025-04-04 18:00:00,1743789600.0,84390.4,84546.0,83741.1,83918.3,84095.2,75.99331161,2366.0
2025-04-04 19:00:00,1743793200.0,83918.4,84409.4,83750.2,83952.1,84169.4,73.58607411,2431.0
2025-04-04 20:00:00,1743796800.0,83961.0,84246.2,83500.0,84141.1,83968.5,58.11777333,1900.0
2025-04-04 21:00:00,1743800400.0,84141.1,84385.0,83921.3,84137.7,84214.7,34.2086921,1351.0
2025-04-04 22:00:00,1743804000.0,84149.9,84204.2,84004.5,84029.2,84099.5,23.95845044,970.0
2025-04-04 23:00:00,1743807600.0,84029.3,84029.5,83651.1,83840.8,83758.3,42.50833604,1122.0
2025-04-05 00:00:00,1743811200.0,83840.8,83849.5,83365.4,83754.1,83618.1,74.39328793,1385.0
2025-04-05 01:00:00,1743814800.0,83754.1,84200.0,83751.2,83950.6,84038.5,44.86778988,1021.0
2025-04-05 02:00:00,1743818400.0,83950.6,84012.5,83788.1,83925.0,83902.1,26.8465928,642.0
2025-04-05 03:00:00,1743822000.0,83934.0,83937.5,83602.0,83628.1,83760.5,12.21519797,651.0
2025-04-05 04:00:00,1743825600.0,83628.1,83795.8,83610.0,83641.1,83718.5,11.43286913,426.0
2025-04-05 05:00:00,1743829200.0,83641.1,83807.9,83610.0,83665.6,83720.9,3.73332505,433.0
2025-04-05 06:00:00,1743832800.0,83665.6,83665.6,83322.2,83404.0,83504.7,37.9300051,740.0
2025-04-05 07:00:00,1743836400.0,83404.0,83499.0,83367.1,83472.4,83402.6,4.95046723,401.0
2025-04-05 08:00:00,1743840000.0,83472.5,83573.7,83367.0,83488.9,83505.6,5.07376298,417.0
2025-04-05 09:00:00,1743843600.0,83488.9,83772.1,83488.8,83772.0,83664.3,45.08309675,493.0
2025-04-05 10:00:00,1743847200.0,83772.1,83828.9,83561.1,83613.0,83726.9,17.38422895,479.0
2025-04-05 11:00:00,1743850800.0,83613.1,83613.1,83440.0,83440.1,83567.2,11.19115562,327.0
2025-04-05 12:00:00,1743854400.0,83440.1,83500.0,83142.0,83233.2,83330.6,20.25691294,637.0
2025-04-05 13:00:00,1743858000.0,83233.2,83268.9,82526.1,82692.1,82786.7,52.04115349,1448.0
2025-04-05 14:00:00,1743861600.0,82692.1,82996.3,82661.2,82900.1,82822.4,48.73962604,1056.0
2025-04-05 15:00:00,1743865200.0,82900.1,82900.1,82400.0,82587.5,82558.0,66.34338852,1321.0
2025-04-05 16:00:00,1743868800.0,82587.6,82790.9,82587.5,82711.8,82702.8,13.51407863,845.0
2025-04-05 17:00:00,1743872400.0,82711.8,82899.2,82648.1,82840.1,82791.8,6.58417524,594.0
2025-04-05 18:00:00,1743876000.0,82840.1,83039.6,82840.0,83039.6,82976.8,48.11066372,793.0
2025-04-05 19:00:00,1743879600.0,83039.6,83067.4,82751.0,82825.8,82893.7,15.88314801,663.0
2025-04-05 20:00:00,1743883200.0,82825.8,83091.9,82802.8,83032.3,83011.8,40.35725293,1026.0
2025-04-05 21:00:00,1743886800.0,83032.4,83139.3,82917.1,82917.1,83062.3,9.37716946,618.0
2025-04-05 22:00:00,1743890400.0,82917.1,83137.7,82917.0,83137.7,83029.5,15.42068438,605.0
2025-04-05 23:00:00,1743894000.0,83139.3,83588.8,83139.2,83508.9,83381.1,28.44836769,782.0
2025-04-06 00:00:00,1743897600.0,83508.9,83538.0,83425.3,83480.8,83487.2,11.47289166,521.0
2025-04-06 01:00:00,1743901200.0,83480.8,83680.0,83387.0,83409.7,83504.4,47.4746492,600.0
2025-04-06 02:00:00,1743904800.0,83409.7,83435.7,83261.1,83264.9,83356.3,9.1937552,559.0
2025-04-06 03:00:00,1743908400.0,83265.2,83352.1,83179.2,83309.4,83276.7,18.96266286,521.0
2025-04-06 04:00:00,1743912000.0,83309.4,83454.0,83250.0,83454.0,83341.6,10.92574576,430.0
2025-04-06 05:00:00,1743915600.0,83457.0,83497.2,83299.1,83415.3,83455.8,11.13773309,386.0
2025-04-06 06:00:00,1743919200.0,83415.4,83430.1,83094.3,83115.0,83220.9,29.19312341,452.0
2025-04-06 07:00:00,1743922800.0,83106.1,83137.0,82988.7,82992.2,83058.6,19.97252484,580.0
2025-04-06 08:00:00,1743926400.0,82992.2,82998.0,82695.8,82960.3,82886.0,22.81689423,690.0
2025-04-06 09:00:00,1743930000.0,82960.3,83107.3,82943.7,83023.4,83050.4,13.09885789,381.0
2025-04-06 10:00:00,1743933600.0,83023.5,83028.1,82700.0,82791.1,82753.7,42.60445348,597.0
2025-04-06 11:00:00,1743937200.0,82791.1,82807.7,82625.0,82795.2,82709.9,33.30593798,575.0
2025-04-06 12:00:00,1743940800.0,82795.2,82917.4,82650.0,82651.3,82788.6,10.7984479,486.0
2025-04-06 13:00:00,1743944400.0,82651.4,82748.3,82199.0,82263.9,82392.9,45.42414812,1326.0
2025-04-06 14:00:00,1743948000.0,82263.9,82731.3,82243.1,82628.2,82427.4,64.52096103,1061.0
2025-04-06 15:00:00,1743951600.0,82628.2,82749.6,82391.2,82557.1,82563.1,28.48295933,949.0
2025-04-06 16:00:00,1743955200.0,82557.1,82557.1,81930.0,81943.7,82137.8,131.36017641,1535.0
2025-04-06 17:00:00,1743958800.0,81930.0,81930.0,80555.5,80771.6,81237.3,396.85770129,5267.0
2025-04-06 18:00:00,1743962400.0,80771.6,80771.6,78684.1,79038.0,79696.3,770.24945575,10528.0
2025-04-06 19:00:00,1743966000.0,79038.0,79796.6,78785.7,79602.3,79349.4,282.93491776,5462.0
2025-04-06 20:00:00,1743969600.0,79602.3,79800.0,78514.3,78794.9,79222.0,197.71722855,4618.0
2025-04-06 21:00:00,1743973200.0,78794.9,79586.9,78708.9,78903.1,79215.5,269.23766436,3186.0
2025-04-06 22:00:00,1743976800.0,78903.1,79005.8,77734.8,78000.8,78550.7,740.54749676,7784.0
2025-04-06 23:00:00,1743980400.0,78000.9,78596.1,77057.7,78363.4,77765.1,484.68596706,7072.0
2025-04-07 00:00:00,1743984000.0,78364.8,78432.6,77401.3,78264.1,77869.2,184.95710908,3686.0
2025-04-07 01:00:00,1743987600.0,78264.1,79300.0,78264.1,79098.1,78817.4,283.39407433,3688.0
2025-04-07 02:00:00,1743991200.0,79092.1,79143.4,78354.3,78389.1,78638.2,81.17446759,2240.0
2025-04-07 03:00:00,1743994800.0,78390.2,78439.2,77326.9,77652.0,77806.2,75.83600415,2898.0
2025-04-07 04:00:00,1743998400.0,77661.0,77895.0,76427.3,76917.3,76841.1,341.77747375,5420.0
2025-04-07 05:00:00,1744002000.0,76917.3,77471.9,76600.1,76871.1,77011.5,148.15715916,3378.0
2025-04-07 06:00:00,1744005600.0,76871.1,77178.6,74500.0,74718.1,75502.7,840.84105157,12282.0
2025-04-07 07:00:00,1744009200.0,74718.1,75339.4,74409.1,75051.1,74959.2,168.34328333,4327.0
2025-04-07 08:00:00,1744012800.0,75051.1,76778.5,75051.0,76203.1,76056.3,177.83886102,4823.0
2025-04-07 09:00:00,1744016400.0,76203.1,76738.5,75702.7,76244.7,76259.4,83.53718083,2675.0
2025-04-07 10:00:00,1744020000.0,76244.8,77500.0,76134.6,76941.1,77114.3,157.4976715,3602.0
2025-04-07 11:00:00,1744023600.0,76941.1,77336.2,76387.8,76617.1,76827.2,124.16114779,3989.0
2025-04-07 12:00:00,1744027200.0,76617.1,77587.1,76386.3,77285.1,77090.9,138.98473787,4064.0
2025-04-07 13:00:00,1744030800.0,77285.1,78452.9,75729.2,78375.5,76842.4,495.44575127,6594.0
2025-04-07 14:00:00,1744034400.0,78372.1,81323.6,77863.6,79023.6,79050.3,962.79444653,14411.0
2025-04-07 15:00:00,1744038000.0,79023.6,79329.5,77550.0,78489.0,78447.1,197.62318541,6091.0
2025-04-07 16:00:00,1744041600.0,78480.1,78495.5,77302.1,77395.1,77997.6,91.24386137,4176.0
2025-04-07 17:00:00,1744045200.0,77395.1,79118.3,77395.1,79058.1,78367.4,131.74943196,4188.0
2025-04-07 18:00:00,1744048800.0,79058.1,79300.0,78297.9,78489.1,78818.4,84.55280533,3798.0
2025-04-07 19:00:00,1744052400.0,78489.1,78854.2,77966.0,78104.6,78423.0,65.90655259,3291.0
2025-04-07 20:00:00,1744056000.0,78084.1,79052.5,78084.1,78928.6,78677.9,74.65314181,2529.0
2025-04-07 21:00:00,1744059600.0,78924.3,79500.0,78687.1,79181.1,79119.6,80.00522491,2005.0
2025-04-07 22:00:00,1744063200.0,79181.2,80196.3,79181.2,79932.4,79666.0,165.69935403,2614.0
2025-04-07 23:00:00,1744066800.0,79924.8,80000.0,79110.0,79130.1,79576.6,42.17314141,1698.0
2025-04-08 00:00:00,1744070400.0,79130.1,79565.9,78986.8,78993.1,79233.4,67.00146143,1656.0
2025-04-08 01:00:00,1744074000.0,78993.1,80721.0,78778.6,80569.3,80073.7,98.89789933,2572.0
2025-04-08 02:00:00,1744077600.0,80569.4,80800.0,79892.4,79920.1,80379.9,74.96671901,1845.0
2025-04-08 03:00:00,1744081200.0,79920.1,80148.9,79767.8,79864.6,79909.4,20.18485162,1122.0
2025-04-08 04:00:00,1744084800.0,79864.7,80343.0,79836.9,80283.7,80102.0,23.01702274,843.0
2025-04-08 05:00:00,1744088400.0,80283.7,80283.7,79512.1,79860.0,79802.8,28.91022074,1245.0
2025-04-08 06:00:00,1744092000.0,79860.1,79860.1,79281.2,79449.6,79483.2,51.08652775,1388.0
2025-04-08 07:00:00,1744095600.0,79449.6,79662.6,79177.1,79488.4,79447.9,34.38559799,1237.0
2025-04-08 08:00:00,1744099200.0,79488.5,79488.5,78958.5,79129.8,79064.3,40.99436664,1171.0
2025-04-08 09:00:00,1744102800.0,79129.9,79154.2,78846.2,78921.0,79043.2,62.85672588,1014.0
2025-04-08 10:00:00,1744106400.0,78913.2,79124.3,78833.8,78947.7,79049.9,47.01347624,1063.0
2025-04-08 11:00:00,1744110000.0,78947.8,80012.8,78947.8,79968.1,79574.5,74.49481821,2108.0
2025-04-08 12:00:00,1744113600.0,79968.1,80100.4,79595.7,79828.3,79835.7,59.68469911,1500.0
2025-04-08 13:00:00,1744117200.0,79828.3,80298.9,79401.1,79920.1,79932.1,207.00004178,3799.0
2025-04-08 14:00:00,1744120800.0,79920.1,80200.0,78368.3,78429.0,79331.4,320.79290432,4106.0
2025-04-08 15:00:00,1744124400.0,78429.0,78815.2,78149.7,78450.0,78417.2,111.46433489,2890.0
2025-04-08 16:00:00,1744128000.0,78450.0,78450.0,77293.2,77355.0,77836.4,171.3984386,5077.0
2025-04-08 17:00:00,1744131600.0,77355.1,77520.9,76507.0,77308.7,77078.3,449.05922724,5653.0
2025-04-08 18:00:00,1744135200.0,77308.7,77948.5,77067.1,77213.4,77465.3,117.53988358,2803.0
2025-04-08 19:00:00,1744138800.0,77213.4,77296.2,76301.1,76768.6,76784.4,140.35680461,3747.0
2025-04-08 20:00:00,1744142400.0,76770.4,77123.1,76553.0,77013.9,76821.2,44.40471817,2078.0
2025-04-08 21:00:00,1744146000.0,77013.9,77206.2,76671.8,77022.0,76933.8,45.60210075,1620.0
2025-04-08 22:00:00,1744149600.0,77025.0,77025.0,76164.6,76660.7,76538.7,132.04241248,2568.0
2025-04-08 23:00:00,1744153200.0,76660.7,76715.9,76276.4,76276.5,76419.8,32.38019937,1582.0
2025-04-09 00:00:00,1744156800.0,76276.5,76748.9,75900.0,76440.0,76283.2,80.91303406,3039.0
2025-04-09 01:00:00,1744160400.0,76440.0,76519.9,74572.5,76027.1,75247.4,440.95226835,6781.0
2025-04-09 02:00:00,1744164000.0,76026.2,76349.2,75502.3,75561.5,75778.2,209.62841146,3128.0
2025-04-09 03:00:00,1744167600.0,75561.5,75793.3,75000.0,75000.1,75511.8,159.91139523,2307.0
2025-04-09 04:00:00,1744171200.0,75006.1,76790.6,74996.7,76331.4,76129.1,149.37507897,2797.0
2025-04-09 05:00:00,1744174800.0,76331.4,76762.9,76166.6,76651.7,76401.2,60.22771262,1357.0
2025-04-09 06:00:00,1744178400.0,76651.8,77260.3,76633.4,76742.8,76837.5,108.58628858,1783.0
2025-04-09 07:00:00,1744182000.0,76742.8,77881.1,76742.8,77714.8,77471.0,163.03509436,2613.0
2025-04-09 08:00:00,1744185600.0,77706.1,77845.7,77049.2,77254.7,77292.0,147.5529966,1623.0
2025-04-09 09:00:00,1744189200.0,77254.8,77458.9,77130.4,77458.9,77256.5,43.17490092,818.0
2025-04-09 10:00:00,1744192800.0,77458.9,77490.0,76901.3,77085.0,77255.0,60.35587512,1392.0
2025-04-09 11:00:00,1744196400.0,77117.2,77117.2,75735.7,76175.0,76301.9,121.27061718,3927.0
2025-04-09 12:00:00,1744200000.0,76175.0,77000.0,75984.1,76751.9,76438.9,59.8489561,1982.0
2025-04-09 13:00:00,1744203600.0,76751.8,77850.0,76701.2,77690.0,77393.0,157.44605179,3702.0
2025-04-09 14:00:00,1744207200.0,77670.3,78248.9,76750.0,76796.9,77500.6,277.58041789,4051.0
2025-04-09 15:00:00,1744210800.0,76796.8,77588.9,76771.6,77198.7,77322.1,94.76911601,2307.0
2025-04-09 16:00:00,1744214400.0,77198.7,78267.8,77074.3,78197.4,77818.0,142.7718535,2682.0
2025-04-09 17:00:00,1744218000.0,78200.5,82221.0,77643.8,82200.8,80697.0,1199.61454321,13010.0
2025-04-09 18:00:00,1744221600.0,82200.8,82958.9,81694.7,81731.7,82270.4,739.07270599,8037.0
2025-04-09 19:00:00,1744225200.0,81729.1,82547.9,81687.5,82300.4,82173.4,156.6529972,3600.0
2025-04-09 20:00:00,1744228800.0,82300.4,83189.2,81979.8,83189.1,82725.0,303.07269788,3046.0
2025-04-09 21:00:00,1744232400.0,83189.2,83548.9,82829.1,83260.7,83246.0,227.06531038,3635.0
2025-04-09 22:00:00,1744236000.0,83260.7,83455.4,82950.8,83030.4,83204.0,55.33129436,1902.0
2025-04-09 23:00:00,1744239600.0,83030.4,83099.0,82515.1,82556.3,82751.2,113.47906197,1879.0
2025-04-10 00:00:00,1744243200.0,82556.3,82676.5,82053.4,82287.1,82220.9,148.01025354,2790.0
2025-04-10 01:00:00,1744246800.0,82287.1,82538.1,82197.0,82197.1,82415.5,67.8124963,1187.0
2025-04-10 02:00:00,1744250400.0,82197.1,82498.9,82189.0,82189.0,82333.3,21.27885677,860.0
2025-04-10 03:00:00,1744254000.0,82189.1,82189.1,81482.1,81726.7,81657.8,128.05208438,1648.0
2025-04-10 04:00:00,1744257600.0,81721.5,82020.4,81635.8,81967.6,81787.8,14.99618716,878.0
2025-04-10 05:00:00,1744261200.0,81967.6,82195.4,81909.0,82150.0,82079.3,29.88731681,802.0
2025-04-10 06:00:00,1744264800.0,82150.1,82287.1,81872.2,82125.0,82101.6,30.08551614,832.0
2025-04-10 07:00:00,1744268400.0,82125.0,82172.3,81305.2,81580.9,81602.4,54.83244123,1404.0
2025-04-10 08:00:00,1744272000.0,81575.3,81765.1,81430.3,81496.5,81579.3,20.42379882,659.0
2025-04-10 09:00:00,1744275600.0,81496.6,82048.8,81351.2,82026.1,81768.3,24.08611383,882.0
2025-04-10 10:00:00,1744279200.0,82026.1,82083.7,81527.6,81708.3,81869.2,31.0470897,807.0
2025-04-10 11:00:00,1744282800.0,81710.9,81948.8,81495.0,81855.1,81810.0,199.19140876,1406.0
2025-04-10 12:00:00,1744286400.0,81855.1,82450.0,81423.7,81666.1,81698.0,239.74903158,2387.0
2025-04-10 13:00:00,1744290000.0,81676.6,81898.9,80751.0,80838.0,81234.5,235.73057723,3159.0
2025-04-10 14:00:00,1744293600.0,80838.1,81769.4,80621.7,81201.1,81164.4,89.98081088,2488.0
2025-04-10 15:00:00,1744297200.0,81215.8,81281.3,78600.0,78703.2,79574.6,326.58046289,5461.0
2025-04-10 16:00:00,1744300800.0,78703.3,79576.6,78451.2,79394.5,78921.2,191.68910673,4023.0
2025-04-10 17:00:00,1744304400.0,79399.7,79576.6,78600.0,79316.6,78991.3,132.55505686,2832.0
2025-04-10 18:00:00,1744308000.0,79316.6,79833.3,79203.1,79492.1,79575.2,86.70419994,2175.0
2025-04-10 19:00:00,1744311600.0,79492.1,79969.1,79301.1,79587.1,79563.4,61.56550011,2117.0
2025-04-10 20:00:00,1744315200.0,79587.1,79893.0,79531.0,79880.1,79783.1,46.11903846,1452.0
2025-04-10 21:00:00,1744318800.0,79884.0,79954.0,79647.0,79687.0,79852.9,55.58417214,1126.0
2025-04-10 22:00:00,1744322400.0,79686.1,79869.9,79501.4,79659.1,79680.2,21.65709173,1183.0
2025-04-10 23:00:00,1744326000.0,79659.1,79687.3,79386.0,79552.1,79533.0,12.48032469,1099.0
2025-04-11 00:00:00,1744329600.0,79552.1,79698.9,78914.7,78994.7,79335.0,39.0461979,1695.0
2025-04-11 01:00:00,1744333200.0,78994.8,80392.3,78994.6,80392.3,80112.8,235.05593122,1878.0
2025-04-11 02:00:00,1744336800.0,80392.4,80731.7,80151.1,80269.2,80416.5,43.62790092,1348.0
2025-04-11 03:00:00,1744340400.0,80266.1,80829.8,80265.5,80774.8,80640.7,18.94635186,945.0
2025-04-11 04:00:00,1744344000.0,80774.9,80992.7,80690.9,80856.0,80819.4,37.9861199,1245.0
2025-04-11 05:00:00,1744347600.0,80856.0,80862.8,80498.6,80778.8,80704.5,51.9422193,837.0
2025-04-11 06:00:00,1744351200.0,80778.8,81236.1,80778.7,81062.5,81078.5,102.69252505,1153.0
2025-04-11 07:00:00,1744354800.0,81063.5,81382.4,80837.1,81246.6,81119.3,51.013923,1008.0
2025-04-11 08:00:00,1744358400.0,81246.6,81813.2,80779.6,81545.0,81473.5,111.9858129,2116.0
2025-04-11 09:00:00,1744362000.0,81549.0,82372.1,81418.7,82337.0,82002.0,168.0704298,1685.0
2025-04-11 10:00:00,1744365600.0,82354.5,82900.0,82261.7,82656.1,82637.5,214.88604857,1790.0
2025-04-11 11:00:00,1744369200.0,82656.1,82848.1,82000.0,82110.6,82352.2,70.97674616,1428.0
2025-04-11 12:00:00,1744372800.0,82110.6,82463.8,81810.3,82031.0,82105.0,132.87089047,1536.0
2025-04-11 13:00:00,1744376400.0,82031.0,83253.7,81801.2,82907.9,82684.8,232.57057983,2871.0
2025-04-11 14:00:00,1744380000.0,82899.1,82899.1,81301.1,81851.2,82015.0,349.24573819,3494.0
2025-04-11 15:00:00,1744383600.0,81851.1,82598.9,81695.5,82457.5,82276.9,127.19038528,2104.0
2025-04-11 16:00:00,1744387200.0,82457.5,82948.9,81990.2,82755.0,82580.3,139.15432617,2150.0
2025-04-11 17:00:00,1744390800.0,82755.1,84000.0,82701.1,83871.0,83431.4,292.90103523,3987.0
2025-04-11 18:00:00,1744394400.0,83871.0,84150.0,83489.2,83580.6,83888.4,166.67286179,3645.0
2025-04-11 19:00:00,1744398000.0,83580.2,83898.1,83580.2,83810.8,83719.6,78.0335905,1759.0
2025-04-11 20:00:00,1744401600.0,83810.8,83982.4,83675.6,83849.4,83873.1,81.36624666,1324.0
2025-04-11 21:00:00,1744405200.0,83849.4,84261.7,83664.0,83664.1,83906.7,118.06056501,1774.0
2025-04-11 22:00:00,1744408800.0,83664.1,83666.0,83309.1,83412.5,83514.1,94.00824471,1170.0
2025-04-11 23:00:00,1744412400.0,83412.5,83497.3,83147.0,83420.1,83286.9,66.01656292,1139.0
2025-04-12 00:00:00,1744416000.0,83420.1,83478.9,83260.3,83349.1,83378.4,85.07069615,1091.0
2025-04-12 01:00:00,1744419600.0,83349.1,83385.6,83146.0,83157.8,83223.4,87.98265006,922.0
2025-04-12 02:00:00,1744423200.0,83157.8,83247.1,82784.0,82784.0,83089.2,54.9801816,1104.0
2025-04-12 03:00:00,1744426800.0,82785.3,83076.9,82750.0,82945.6,82937.5,18.43308999,659.0
2025-04-12 04:00:00,1744430400.0,82942.9,83379.0,82875.8,83187.1,83095.3,26.09592999,817.0
2025-04-12 05:00:00,1744434000.0,83187.1,83439.1,83187.0,83295.7,83394.1,22.94610772,501.0
2025-04-12 06:00:00,1744437600.0,83295.7,83698.9,83295.7,83548.4,83562.0,13.00092532,615.0
2025-04-12 07:00:00,1744441200.0,83547.1,83750.0,83473.1,83710.1,83603.2,7.80497016,499.0
2025-04-12 08:00:00,1744444800.0,83710.1,83980.5,83501.1,83577.2,83722.2,37.788167,928.0
2025-04-12 09:00:00,1744448400.0,83577.2,83737.8,83441.0,83517.0,83480.1,51.60302853,743.0
2025-04-12 10:00:00,1744452000.0,83517.0,83517.0,83299.0,83384.3,83370.4,87.61851238,577.0
2025-04-12 11:00:00,1744455600.0,83384.9,83589.7,83384.9,83500.0,83482.5,6.68598492,542.0
2025-04-12 12:00:00,1744459200.0,83500.0,83840.6,83473.3,83800.0,83610.6,28.15336004,732.0
2025-04-12 13:00:00,1744462800.0,83800.0,84625.0,83592.0,84450.6,84141.8,196.70970785,2329.0
2025-04-12 14:00:00,1744466400.0,84450.7,85190.0,84326.9,84879.0,84851.5,218.4935045,2873.0
2025-04-12 15:00:00,1744470000.0,84870.0,85372.3,84649.3,85000.1,85118.0,271.71392481,2188.0
2025-04-12 16:00:00,1744473600.0,85000.1,85126.0,84560.9,84650.0,84822.2,32.69960373,1482.0
2025-04-12 17:00:00,1744477200.0,84650.1,84828.0,84395.3,84728.0,84657.0,87.84562287,1341.0
2025-04-12 18:00:00,1744480800.0,84728.0,85168.8,84727.9,85161.8,85043.2,48.96272627,1051.0
2025-04-12 19:00:00,1744484400.0,85167.0,85236.6,84836.4,84897.8,85025.7,138.68507974,1445.0
2025-04-12 20:00:00,1744488000.0,84897.9,85850.9,84897.9,85497.8,85454.2,174.42757056,2238.0
2025-04-12 21:00:00,1744491600.0,85505.8,85553.0,85306.1,85419.0,85449.0,116.87654177,1303.0
2025-04-12 22:00:00,1744495200.0,85410.1,85673.4,85380.0,85380.1,85507.7,28.493777,892.0
2025-04-12 23:00:00,1744498800.0,85380.1,85420.3,85200.0,85284.1,85329.8,89.92101409,943.0
2025-04-13 00:00:00,1744502400.0,85284.1,85500.0,85046.4,85500.0,85252.6,70.5127252,1013.0
2025-04-13 01:00:00,1744506000.0,85500.0,86037.9,85140.6,85264.5,85654.0,83.85915725,2052.0
2025-04-13 02:00:00,1744509600.0,85264.5,85373.5,84741.3,85293.7,84978.5,135.73066265,1630.0
2025-04-13 03:00:00,1744513200.0,85293.1,85682.6,85240.6,85428.5,85613.9,42.65571658,827.0
2025-04-13 04:00:00,1744516800.0,85428.5,85428.5,84492.1,84546.0,84939.3,59.95429551,1192.0
2025-04-13 05:00:00,1744520400.0,84555.0,84766.6,84398.4,84480.0,84509.1,64.78225958,880.0
2025-04-13 06:00:00,1744524000.0,84480.0,84779.9,84479.9,84615.9,84647.4,49.5237226,638.0
2025-04-13 07:00:00,1744527600.0,84616.0,84734.6,84456.0,84456.0,84600.1,17.98944944,494.0
2025-04-13 08:00:00,1744531200.0,84453.1,84642.0,84294.3,84642.0,84380.0,73.60308298,1004.0
2025-04-13 09:00:00,1744534800.0,84642.0,84913.7,84512.9,84879.0,84770.4,31.06116328,638.0
2025-04-13 10:00:00,1744538400.0,84879.0,84879.0,84555.0,84676.9,84717.9,50.45608914,688.0
2025-04-13 11:00:00,1744542000.0,84676.9,84690.0,84238.7,84446.7,84413.0,44.03004359,947.0
2025-04-13 12:00:00,1744545600.0,84446.7,84643.7,84251.2,84392.9,84410.8,41.65553427,977.0
2025-04-13 13:00:00,1744549200.0,84393.0,84534.0,83469.3,83510.9,84001.7,276.9054493,1975.0
2025-04-13 14:00:00,1744552800.0,83511.0,84082.4,83485.6,84049.0,83951.5,55.2050065,1759.0
2025-04-13 15:00:00,1744556400.0,84049.1,84049.1,83675.0,83820.5,83803.3,43.89675224,1012.0
2025-04-13 16:00:00,1744560000.0,83820.5,84349.1,83820.5,84206.1,84119.6,40.87606398,1309.0
2025-04-13 17:00:00,1744563600.0,84206.2,84948.9,84203.0,84798.0,84707.1,99.20210093,1796.0
2025-04-13 18:00:00,1744567200.0,84790.0,84924.2,84550.0,84693.7,84774.9,36.56734869,1148.0
2025-04-13 19:00:00,1744570800.0,84693.7,84710.1,83036.7,83916.9,83703.6,143.85575575,2947.0
2025-04-13 20:00:00,1744574400.0,83916.9,84365.4,83200.0,83484.1,83705.5,84.67559913,2287.0
2025-04-13 21:00:00,1744578000.0,83484.1,83748.8,83025.5,83593.4,83277.2,70.48750871,2118.0
2025-04-13 22:00:00,1744581600.0,83593.4,83798.9,83184.4,83314.6,83402.2,41.07300047,1374.0
2025-04-13 23:00:00,1744585200.0,83314.6,83790.6,83196.1,83719.0,83464.7,83.78278343,1110.0
2025-04-14 00:00:00,1744588800.0,83719.8,85100.0,83708.2,84301.3,84602.0,166.74718927,2319.0
2025-04-14 01:00:00,1744592400.0,84301.3,84598.9,84092.5,84199.9,84397.1,21.49635308,933.0
2025-04-14 02:00:00,1744596000.0,84200.0,85446.1,84051.1,85061.1,85128.4,88.12571242,1877.0
2025-04-14 03:00:00,1744599600.0,85061.2,85066.2,84486.9,84547.9,84730.1,58.27676539,1377.0
2025-04-14 04:00:00,1744603200.0,84547.9,85021.4,84427.3,84857.1,84733.8,13.80977483,776.0
2025-04-14 05:00:00,1744606800.0,84857.2,84942.0,84345.1,84509.9,84488.9,21.26987979,762.0
2025-04-14 06:00:00,1744610400.0,84510.0,84598.9,84304.7,84555.0,84501.1,28.37517277,893.0
2025-04-14 07:00:00,1744614000.0,84555.0,84734.6,84248.9,84564.1,84476.8,21.63629417,866.0
2025-04-14 08:00:00,1744617600.0,84564.1,84883.2,84475.0,84741.9,84714.3,92.89269283,858.0
2025-04-14 09:00:00,1744621200.0,84741.9,84869.5,84244.4,84439.0,84350.2,76.83365674,786.0
2025-04-14 10:00:00,1744624800.0,84429.3,84760.5,84330.0,84681.1,84569.9,137.34694911,862.0
2025-04-14 11:00:00,1744628400.0,84681.1,84933.4,84506.1,84888.1,84778.7,210.27675755,1045.0
2025-04-14 12:00:00,1744632000.0,84888.1,85203.0,84765.1,85077.1,84995.2,55.36971784,1078.0
2025-04-14 13:00:00,1744635600.0,85077.1,85250.0,84101.4,84367.4,84546.6,381.64062648,2763.0
2025-04-14 14:00:00,1744639200.0,84367.4,85792.1,84301.2,85437.1,85271.9,161.56757162,2405.0
2025-04-14 15:00:00,1744642800.0,85437.1,85437.1,83751.0,84123.1,84520.8,179.57254847,3240.0
2025-04-14 16:00:00,1744646400.0,84123.1,84643.8,83901.1,84375.1,84293.2,94.5761761,2102.0
2025-04-14 17:00:00,1744650000.0,84375.1,84873.5,84244.9,84861.1,84505.3,116.48664538,1664.0
2025-04-14 18:00:00,1744653600.0,84861.1,85019.0,84734.7,84989.8,84861.4,115.19942547,1378.0
2025-04-14 19:00:00,1744657200.0,84989.8,85189.6,84816.3,84906.0,85089.6,112.71793617,1492.0
2025-04-14 20:00:00,1744660800.0,84898.0,84933.0,84567.2,84858.7,84667.5,181.03328878,1431.0
2025-04-14 21:00:00,1744664400.0,84857.2,84944.3,84450.0,84693.8,84642.4,26.21393814,1086.0
2025-04-14 22:00:00,1744668000.0,84693.8,84725.3,84456.1,84530.7,84579.2,20.87790115,918.0
2025-04-14 23:00:00,1744671600.0,84530.7,84720.2,84404.2,84530.7,84525.1,37.9977797,947.0
2025-04-15 00:00:00,1744675200.0,84530.7,84888.1,84341.8,84888.0,84657.1,26.48709199,1058.0
2025-04-15 01:00:00,1744678800.0,84888.0,85113.1,84564.1,84954.0,84951.5,34.50581682,881.0
2025-04-15 02:00:00,1744682400.0,84954.0,85232.4,84701.1,85232.3,85055.1,30.22600384,961.0
2025-04-15 03:00:00,1744686000.0,85232.4,85339.1,85109.5,85332.1,85259.5,24.28158708,758.0
2025-04-15 04:00:00,1744689600.0,85332.2,85495.6,85167.0,85495.6,85324.7,19.65749445,863.0
2025-04-15 05:00:00,1744693200.0,85495.6,85790.0,85495.6,85539.0,85632.9,85.03465611,987.0
2025-04-15 06:00:00,1744696800.0,85536.6,85659.1,85349.9,85349.9,85483.5,68.58500012,832.0
2025-04-15 07:00:00,1744700400.0,85350.0,85747.9,85350.0,85673.4,85696.5,52.94954654,759.0
2025-04-15 08:00:00,1744704000.0,85673.4,85900.0,85673.4,85797.0,85819.1,66.88956349,948.0
2025-04-15 09:00:00,1744707600.0,85797.1,85943.7,85607.3,85943.7,85818.2,16.66096666,688.0
2025-04-15 10:00:00,1744711200.0,85943.7,85943.7,85457.4,85650.1,85721.1,28.82643355,671.0
2025-04-15 11:00:00,1744714800.0,85650.2,85660.9,85384.6,85553.7,85470.1,71.11086429,872.0
2025-04-15 12:00:00,1744718400.0,85553.7,85760.0,85455.0,85760.0,85607.0,37.76036179,851.0
2025-04-15 13:00:00,1744722000.0,85760.0,86401.0,85570.0,85587.6,86020.3,186.21925891,2736.0
2025-04-15 14:00:00,1744725600.0,85589.6,85969.8,84853.1,85179.4,85235.4,112.76124799,2847.0
2025-04-15 15:00:00,1744729200.0,85179.4,85373.5,84681.2,84871.6,85025.1,71.51922803,1756.0
2025-04-15 16:00:00,1744732800.0,84871.7,85116.0,84825.1,84858.1,84917.2,47.07523687,1349.0
2025-04-15 17:00:00,1744736400.0,84858.1,84988.0,84444.0,84490.3,84725.7,50.79118494,1488.0
2025-04-15 18:00:00,1744740000.0,84490.3,84596.2,84183.8,84231.1,84333.9,67.59611159,1754.0
2025-04-15 19:00:00,1744743600.0,84231.1,84231.1,83919.2,84018.0,84088.6,94.17749763,1622.0
2025-04-15 20:00:00,1744747200.0,84024.0,84198.9,83830.0,83991.7,84028.3,43.41405032,1312.0
2025-04-15 21:00:00,1744750800.0,83995.5,84112.4,83995.5,84001.2,84027.0,5.06635127,206.0
2025-04-15 21:00:00,1744750800.0,83995.5,84112.4,83995.5,84001.2,84027.0,5.06635127,206.0
