{
  "categories": {
    "those_dudes": {
      "max_concurrent_trades": 3,
      "arbitration_weight": 0.60,
      "strategies": ["ARIMA", "MACD"],
      "max_adverse_excursion": 0.05,
      "signal_strength_threshold": 0.60,
      "override_threshold": 0.85,
      "trend_filter_weight": 0.40,
      "exit_coordination": true,
      "prioritize_stronger_signal": true
    },
    "him_all_along": {
      "max_concurrent_trades": 3,
      "arbitration_weight": 0.40,
      "strategies": ["Adaptive", "ML-Enhanced"],
      "max_adverse_excursion": 0.04,
      "signal_strength_threshold": 0.65,
      "override_threshold": 0.90,
      "trend_filter_weight": 0.60,
      "exit_coordination": true,
      "prioritize_stronger_signal": true
    }
  },
  "strategies": {
    "ARIMA": {
      "enabled": true,
      "max_open_trades": 1,
      "risk_percentage": 0.20,
      "stop_loss_percentage": 0.04,
      "take_profit_percentage": 0.15,
      "required_trend_strength": 0.40,
      "min_atr_multiple": 2.0,
      "max_atr_multiple": 8.0,
      "priority_level": 2,
      "category": "those_dudes"
    },
    "MACD": {
      "enabled": true,
      "max_open_trades": 1,
      "risk_percentage": 0.20,
      "stop_loss_percentage": 0.04,
      "take_profit_percentage": 0.15,
      "required_trend_strength": 0.45,
      "min_atr_multiple": 2.0,
      "max_atr_multiple": 8.0,
      "priority_level": 3,
      "category": "those_dudes"
    },
    "Adaptive": {
      "enabled": true,
      "max_open_trades": 1,
      "risk_percentage": 0.20,
      "stop_loss_percentage": 0.04,
      "take_profit_percentage": 0.15,
      "required_trend_strength": 0.35,
      "min_atr_multiple": 2.0,
      "max_atr_multiple": 8.0,
      "priority_level": 1,
      "category": "him_all_along"
    },
    "ML-Enhanced": {
      "enabled": true,
      "max_open_trades": 1,
      "risk_percentage": 0.20,
      "stop_loss_percentage": 0.04,
      "take_profit_percentage": 0.15,
      "required_trend_strength": 0.30,
      "min_atr_multiple": 2.0,
      "max_atr_multiple": 8.0,
      "priority_level": 0,
      "category": "him_all_along"
    }
  },
  "global": {
    "trend_detection": {
      "enable_ema_filter": true,
      "ema_short_period": 50,
      "ema_long_period": 100,
      "no_shorts_in_uptrend": true,
      "trend_check_timeframes": ["1h", "4h", "1d"]
    },
    "dual_limit_orders": {
      "enable": true,
      "entry_price_distance": 0.001,
      "exit_price_distance": 0.001,
      "max_entry_attempts": 3,
      "max_exit_attempts": 3
    },
    "cross_strategy_exits": {
      "enable": true,
      "threshold_multiplier": 1.0,
      "dynamic_threshold": true
    },
    "signal_strength_arbitration": {
      "enable": true,
      "minimum_difference": 0.15,
      "required_confidence": 0.70,
      "confidence_scaling": true
    },
    "portfolio_allocation": {
      "max_total_risk": 0.90,
      "diversification_requirement": true,
      "max_per_pair_allocation": 0.35,
      "dynamic_sizing": true
    }
  }
}