{
  "enabled": true,
  "sandbox": true,
  "models": {
    "SOL/USD": {
      "enabled": true,
      "timeframe": "1m",
      "model_path": "ml_models",
      "use_ensemble": true,
      "specialized_models": {
        "entry": {
          "enabled": true,
          "model_name": "SOL_USD_1m_entry_model.h5",
          "threshold": 0.62
        },
        "exit": {
          "enabled": true,
          "model_name": "SOL_USD_1m_exit_model.h5",
          "threshold": 0.52
        },
        "cancel": {
          "enabled": true,
          "model_name": "SOL_USD_1m_cancel_model.h5",
          "threshold": 0.72
        },
        "sizing": {
          "enabled": true,
          "model_name": "SOL_USD_1m_sizing_model.h5",
          "min_size": 0.25,
          "max_size": 0.9
        }
      },
      "risk_management": {
        "max_position_size": 0.15,
        "max_positions": 3,
        "confidence_scaling": true,
        "max_leverage": 50,
        "min_leverage": 1,
        "confidence_thresholds": {
          "low": 0.62,
          "medium": 0.77,
          "high": 0.87,
          "very_high": 0.96
        },
        "leverage_tiers": {
          "low": 1,
          "medium": 3,
          "high": 12,
          "very_high": 50
        }
      }
    },
    "BTC/USD": {
      "enabled": true,
      "timeframe": "1m",
      "model_path": "ml_models",
      "use_ensemble": true,
      "specialized_models": {
        "entry": {
          "enabled": true,
          "model_name": "BTC_USD_1m_entry_model.h5",
          "threshold": 0.62
        },
        "exit": {
          "enabled": true,
          "model_name": "BTC_USD_1m_exit_model.h5",
          "threshold": 0.52
        },
        "cancel": {
          "enabled": true,
          "model_name": "BTC_USD_1m_cancel_model.h5",
          "threshold": 0.72
        },
        "sizing": {
          "enabled": true,
          "model_name": "BTC_USD_1m_sizing_model.h5",
          "min_size": 0.25,
          "max_size": 0.9
        }
      },
      "risk_management": {
        "max_position_size": 0.15,
        "max_positions": 3,
        "confidence_scaling": true,
        "max_leverage": 50,
        "min_leverage": 1,
        "confidence_thresholds": {
          "low": 0.62,
          "medium": 0.77,
          "high": 0.87,
          "very_high": 0.96
        },
        "leverage_tiers": {
          "low": 1,
          "medium": 3,
          "high": 12,
          "very_high": 50
        }
      }
    },
    "ETH/USD": {
      "enabled": true,
      "timeframe": "1m",
      "model_path": "ml_models",
      "use_ensemble": true,
      "specialized_models": {
        "entry": {
          "enabled": true,
          "model_name": "ETH_USD_1m_entry_model.h5",
          "threshold": 0.62
        },
        "exit": {
          "enabled": true,
          "model_name": "ETH_USD_1m_exit_model.h5",
          "threshold": 0.52
        },
        "cancel": {
          "enabled": true,
          "model_name": "ETH_USD_1m_cancel_model.h5",
          "threshold": 0.72
        },
        "sizing": {
          "enabled": true,
          "model_name": "ETH_USD_1m_sizing_model.h5",
          "min_size": 0.25,
          "max_size": 0.9
        }
      },
      "risk_management": {
        "max_position_size": 0.15,
        "max_positions": 3,
        "confidence_scaling": true,
        "max_leverage": 50,
        "min_leverage": 1,
        "confidence_thresholds": {
          "low": 0.62,
          "medium": 0.77,
          "high": 0.87,
          "very_high": 0.96
        },
        "leverage_tiers": {
          "low": 1,
          "medium": 3,
          "high": 12,
          "very_high": 50
        }
      }
    },
    "ADA/USD": {
      "enabled": true,
      "timeframe": "1m",
      "model_path": "ml_models",
      "use_ensemble": true,
      "specialized_models": {
        "entry": {
          "enabled": true,
          "model_name": "ADA_USD_1m_entry_model.h5",
          "threshold": 0.62
        },
        "exit": {
          "enabled": true,
          "model_name": "ADA_USD_1m_exit_model.h5",
          "threshold": 0.52
        },
        "cancel": {
          "enabled": true,
          "model_name": "ADA_USD_1m_cancel_model.h5",
          "threshold": 0.72
        },
        "sizing": {
          "enabled": true,
          "model_name": "ADA_USD_1m_sizing_model.h5",
          "min_size": 0.25,
          "max_size": 0.9
        }
      },
      "risk_management": {
        "max_position_size": 0.15,
        "max_positions": 3,
        "confidence_scaling": true,
        "max_leverage": 50,
        "min_leverage": 1,
        "confidence_thresholds": {
          "low": 0.62,
          "medium": 0.77,
          "high": 0.87,
          "very_high": 0.96
        },
        "leverage_tiers": {
          "low": 1,
          "medium": 3,
          "high": 12,
          "very_high": 50
        }
      }
    },
    "DOT/USD": {
      "enabled": true,
      "timeframe": "1m",
      "model_path": "ml_models",
      "use_ensemble": true,
      "specialized_models": {
        "entry": {
          "enabled": true,
          "model_name": "DOT_USD_1m_entry_model.h5",
          "threshold": 0.62
        },
        "exit": {
          "enabled": true,
          "model_name": "DOT_USD_1m_exit_model.h5",
          "threshold": 0.52
        },
        "cancel": {
          "enabled": true,
          "model_name": "DOT_USD_1m_cancel_model.h5",
          "threshold": 0.72
        },
        "sizing": {
          "enabled": true,
          "model_name": "DOT_USD_1m_sizing_model.h5",
          "min_size": 0.25,
          "max_size": 0.9
        }
      },
      "risk_management": {
        "max_position_size": 0.15,
        "max_positions": 3,
        "confidence_scaling": true,
        "max_leverage": 50,
        "min_leverage": 1,
        "confidence_thresholds": {
          "low": 0.62,
          "medium": 0.77,
          "high": 0.87,
          "very_high": 0.96
        },
        "leverage_tiers": {
          "low": 1,
          "medium": 3,
          "high": 12,
          "very_high": 50
        }
      }
    },
    "LINK/USD": {
      "enabled": true,
      "timeframe": "1m",
      "model_path": "ml_models",
      "use_ensemble": true,
      "specialized_models": {
        "entry": {
          "enabled": true,
          "model_name": "LINK_USD_1m_entry_model.h5",
          "threshold": 0.62
        },
        "exit": {
          "enabled": true,
          "model_name": "LINK_USD_1m_exit_model.h5",
          "threshold": 0.52
        },
        "cancel": {
          "enabled": true,
          "model_name": "LINK_USD_1m_cancel_model.h5",
          "threshold": 0.72
        },
        "sizing": {
          "enabled": true,
          "model_name": "LINK_USD_1m_sizing_model.h5",
          "min_size": 0.25,
          "max_size": 0.9
        }
      },
      "risk_management": {
        "max_position_size": 0.15,
        "max_positions": 3,
        "confidence_scaling": true,
        "max_leverage": 50,
        "min_leverage": 1,
        "confidence_thresholds": {
          "low": 0.62,
          "medium": 0.77,
          "high": 0.87,
          "very_high": 0.96
        },
        "leverage_tiers": {
          "low": 1,
          "medium": 3,
          "high": 12,
          "very_high": 50
        }
      }
    },
    "AVAX/USD": {
      "enabled": true,
      "timeframe": "1m",
      "model_path": "ml_models",
      "use_ensemble": true,
      "specialized_models": {
        "entry": {
          "enabled": true,
          "model_name": "AVAX_USD_1m_entry_model.h5",
          "threshold": 0.62
        },
        "exit": {
          "enabled": true,
          "model_name": "AVAX_USD_1m_exit_model.h5",
          "threshold": 0.52
        },
        "cancel": {
          "enabled": true,
          "model_name": "AVAX_USD_1m_cancel_model.h5",
          "threshold": 0.72
        },
        "sizing": {
          "enabled": true,
          "model_name": "AVAX_USD_1m_sizing_model.h5",
          "min_size": 0.25,
          "max_size": 0.9
        }
      },
      "risk_management": {
        "max_position_size": 0.15,
        "max_positions": 3,
        "confidence_scaling": true,
        "max_leverage": 50,
        "min_leverage": 1,
        "confidence_thresholds": {
          "low": 0.62,
          "medium": 0.77,
          "high": 0.87,
          "very_high": 0.96
        },
        "leverage_tiers": {
          "low": 1,
          "medium": 3,
          "high": 12,
          "very_high": 50
        }
      }
    },
    "MATIC/USD": {
      "enabled": true,
      "timeframe": "1m",
      "model_path": "ml_models",
      "use_ensemble": true,
      "specialized_models": {
        "entry": {
          "enabled": true,
          "model_name": "MATIC_USD_1m_entry_model.h5",
          "threshold": 0.62
        },
        "exit": {
          "enabled": true,
          "model_name": "MATIC_USD_1m_exit_model.h5",
          "threshold": 0.52
        },
        "cancel": {
          "enabled": true,
          "model_name": "MATIC_USD_1m_cancel_model.h5",
          "threshold": 0.72
        },
        "sizing": {
          "enabled": true,
          "model_name": "MATIC_USD_1m_sizing_model.h5",
          "min_size": 0.25,
          "max_size": 0.9
        }
      },
      "risk_management": {
        "max_position_size": 0.15,
        "max_positions": 3,
        "confidence_scaling": true,
        "max_leverage": 50,
        "min_leverage": 1,
        "confidence_thresholds": {
          "low": 0.62,
          "medium": 0.77,
          "high": 0.87,
          "very_high": 0.96
        },
        "leverage_tiers": {
          "low": 1,
          "medium": 3,
          "high": 12,
          "very_high": 50
        }
      }
    },
    "UNI/USD": {
      "enabled": true,
      "timeframe": "1m",
      "model_path": "ml_models",
      "use_ensemble": true,
      "specialized_models": {
        "entry": {
          "enabled": true,
          "model_name": "UNI_USD_1m_entry_model.h5",
          "threshold": 0.62
        },
        "exit": {
          "enabled": true,
          "model_name": "UNI_USD_1m_exit_model.h5",
          "threshold": 0.52
        },
        "cancel": {
          "enabled": true,
          "model_name": "UNI_USD_1m_cancel_model.h5",
          "threshold": 0.72
        },
        "sizing": {
          "enabled": true,
          "model_name": "UNI_USD_1m_sizing_model.h5",
          "min_size": 0.25,
          "max_size": 0.9
        }
      },
      "risk_management": {
        "max_position_size": 0.15,
        "max_positions": 3,
        "confidence_scaling": true,
        "max_leverage": 50,
        "min_leverage": 1,
        "confidence_thresholds": {
          "low": 0.62,
          "medium": 0.77,
          "high": 0.87,
          "very_high": 0.96
        },
        "leverage_tiers": {
          "low": 1,
          "medium": 3,
          "high": 12,
          "very_high": 50
        }
      }
    }
  }
}