{
  "training_config": {
    "common": {
      "epochs": 300,
      "batch_size": 32,
      "validation_split": 0.15,
      "test_split": 0.1,
      "early_stopping_patience": 30,
      "early_stopping_min_delta": 0.0001,
      "learning_rate_reduction_factor": 0.3,
      "learning_rate_patience": 15,
      "loss_function": "binary_crossentropy",
      "metrics": ["accuracy", "precision", "recall"],
      "optimizer": "adam",
      "dropout_rate": 0.2,
      "target_accuracy": 0.99
    },
    "tcn": {
      "num_filters": 128,
      "kernel_size": 3,
      "dilations": [1, 2, 4, 8, 16, 32, 64],
      "nb_stacks": 3,
      "padding": "causal",
      "use_skip_connections": true,
      "return_sequences": false,
      "activation": "swish",
      "use_batch_norm": true,
      "use_layer_norm": true,
      "use_weight_norm": true,
      "dropout_rate": 0.15
    },
    "lstm": {
      "units": [256, 128, 64],
      "activation": "tanh",
      "recurrent_activation": "sigmoid",
      "use_bias": true,
      "dropout": 0.2,
      "recurrent_dropout": 0.2,
      "bidirectional": true,
      "use_batch_norm": true,
      "attention_mechanism": true
    },
    "attention_gru": {
      "gru_units": [192, 128, 64],
      "attention_units": 128,
      "use_batch_norm": true,
      "dropout_rate": 0.2,
      "activation": "tanh",
      "recurrent_activation": "sigmoid",
      "attention_activation": "swish",
      "use_bias": true,
      "bidirectional": true
    },
    "transformer": {
      "num_layers": 4,
      "d_model": 192,
      "num_heads": 12,
      "dff": 768,
      "dropout_rate": 0.15,
      "use_batch_norm": true,
      "layer_norm": true,
      "max_sequence_length": 128,
      "positional_encoding": true,
      "use_causal_mask": false
    },
    "ensemble": {
      "models": ["tcn", "lstm", "attention_gru", "transformer", "xgboost", "lightgbm"],
      "weights": [0.25, 0.20, 0.20, 0.15, 0.10, 0.10],
      "calibrate_probabilities": true,
      "optimize_weights": true,
      "stacking_method": "meta_learner",
      "meta_model": "neural_network",
      "use_cross_validation": true,
      "cv_folds": 10,
      "bagging_fraction": 0.8,
      "feature_fraction": 0.9,
      "model_diversity_weighting": true,
      "dynamic_weighting": true,
      "confidence_threshold_optimization": true,
      "use_out_of_fold_predictions": true,
      "blend_predictions": true
    }
  },
  "feature_engineering": {
    "technical_indicators": [
      "rsi", "macd", "bbands", "atr", "adx", "cci", "obv", "mfi", "cmf", "ichimoku",
      "stochastic", "williams_r", "parabolic_sar", "trix", "keltner", "dpo", "ultimate_oscillator",
      "vwap", "supertrend", "vortex", "psar", "pivot_points", "fibonacci_retracement",
      "elder_ray", "coppock_curve", "fisher_transform", "rvi", "klinger_oscillator", "chaikin_oscillator",
      "chande_momentum", "aroon", "choppiness_index", "awesome_oscillator", "accelerator_oscillator",
      "vortex", "trix", "mass_index", "hull_moving_average", "kst_oscillator", "ichimoku_cloud"
    ],
    "derived_features": [
      "price_momentum", "volatility_indicator", "trend_strength", "range_breakout", 
      "volume_momentum", "support_resistance", "sentiment_score", "correlation_feature",
      "price_cyclicality", "volume_profile", "market_regime_indicator", "order_flow_imbalance",
      "relative_strength", "price_velocity", "breakout_strength", "volatility_regime",
      "liquidity_measure", "momentum_divergence", "trend_consistency", "mean_reversion_probability",
      "volume_anomaly", "support_resistance_zones", "price_pattern_recognition"
    ],
    "advanced_transformations": [
      "log_returns", "fractional_differentiation", "quantile_normalization", 
      "rolling_statistical_features", "binary_encoding", "fourier_features",
      "wavelet_transform", "discrete_cosine_transform", "kalman_filter_features",
      "empirical_mode_decomposition", "variational_mode_decomposition", "singular_spectrum_analysis"
    ],
    "feature_importance": true,
    "feature_selection": true,
    "feature_extraction": "autoencoder",
    "feature_creation_method": "genetic_programming",
    "normalization": "robust_scaling",
    "outlier_removal": "isolation_forest",
    "cross_asset_correlations": true,
    "causality_analysis": true,
    "clustering_based_features": true,
    "timeframes": ["1m", "5m", "15m", "1h", "4h", "1d"],
    "market_regimes": ["trending_up", "trending_down", "ranging", "volatile_up", "volatile_down", "breakout", "reversal"],
    "use_fourier_features": true,
    "wavelet_decomposition": true,
    "feature_interaction": true,
    "nonlinear_transformations": true,
    "dimensionality_reduction": "umap",
    "feature_memory": 30,
    "temporal_feature_engineering": true,
    "use_reinforcement_learning_features": true,
    "adaptive_feature_selection": true
  },
  "hyperparameter_optimization": {
    "optimizer": "combined",
    "methods": ["bayesian", "genetic_algorithm", "evolution_strategy", "hyperband"],
    "max_trials": 200,
    "objective": "custom_metric",
    "custom_metric": "accuracy_balanced_with_sharpe",
    "multi_objective": ["accuracy", "profit_factor", "robustness"],
    "direction": "maximize",
    "early_stopping": true,
    "cross_validation": true,
    "n_splits": 10,
    "time_series_split": true,
    "pruner": "hyperband",
    "pruning_factor": 3,
    "warm_start_from_previous": true,
    "sampler": "tpe",
    "seed": 42,
    "parallel_optimization": true,
    "n_parallel_jobs": 4,
    "auto_scaling": true,
    "resources_per_trial": {"cpu": 2, "memory": "4g"},
    "parameters": {
      "tcn": {
        "num_filters": [64, 96, 128, 192, 256],
        "kernel_size": [2, 3, 4, 5],
        "nb_stacks": [1, 2, 3, 4],
        "dilations": [[1, 2, 4, 8, 16, 32], [1, 2, 4, 8, 16, 32, 64], [1, 2, 4, 8, 16, 32, 64, 128]],
        "activation": ["relu", "elu", "swish", "mish"],
        "dropout_rate": [0.05, 0.1, 0.15, 0.2, 0.25, 0.3],
        "use_skip_connections": [true, false],
        "use_batch_norm": [true, false],
        "use_layer_norm": [true, false],
        "use_weight_norm": [true, false],
        "learning_rate": [0.0001, 0.0003, 0.0005, 0.0008, 0.001, 0.002]
      },
      "lstm": {
        "units": [[128, 64], [192, 96], [256, 128], [128, 64, 32], [192, 96, 48], [256, 128, 64]],
        "dropout": [0.1, 0.15, 0.2, 0.25, 0.3],
        "recurrent_dropout": [0.1, 0.15, 0.2, 0.25, 0.3],
        "activation": ["tanh", "relu", "elu"],
        "recurrent_activation": ["sigmoid", "hard_sigmoid", "tanh"],
        "bidirectional": [true, false],
        "use_batch_norm": [true, false],
        "attention_mechanism": [true, false],
        "learning_rate": [0.0001, 0.0003, 0.0005, 0.0008, 0.001, 0.002]
      },
      "attention_gru": {
        "gru_units": [[96, 64], [128, 64], [192, 96], [256, 128], [96, 64, 32], [192, 96, 48], [256, 128, 64]],
        "attention_units": [64, 96, 128, 192],
        "dropout_rate": [0.1, 0.15, 0.2, 0.25, 0.3],
        "activation": ["tanh", "relu", "elu"],
        "recurrent_activation": ["sigmoid", "hard_sigmoid", "tanh"],
        "attention_activation": ["tanh", "relu", "swish"],
        "bidirectional": [true, false],
        "use_batch_norm": [true, false],
        "learning_rate": [0.0001, 0.0003, 0.0005, 0.0008, 0.001, 0.002]
      },
      "transformer": {
        "num_layers": [2, 3, 4, 6],
        "d_model": [96, 128, 192, 256],
        "num_heads": [4, 8, 12, 16],
        "dff": [256, 384, 512, 768, 1024],
        "dropout_rate": [0.1, 0.15, 0.2, 0.25],
        "use_batch_norm": [true, false],
        "layer_norm": [true, false],
        "positional_encoding": [true, false],
        "learning_rate": [0.0001, 0.0003, 0.0005, 0.0008, 0.001]
      },
      "xgboost": {
        "n_estimators": [100, 200, 300, 500, 1000],
        "max_depth": [3, 4, 5, 6, 7, 8],
        "learning_rate": [0.01, 0.03, 0.05, 0.08, 0.1, 0.2],
        "gamma": [0, 0.1, 0.2, 0.3, 0.5],
        "subsample": [0.6, 0.7, 0.8, 0.9, 1.0],
        "colsample_bytree": [0.6, 0.7, 0.8, 0.9, 1.0],
        "min_child_weight": [1, 3, 5, 7],
        "scale_pos_weight": [1, 2, 3, 4]
      },
      "lightgbm": {
        "n_estimators": [100, 200, 300, 500, 1000],
        "num_leaves": [15, 31, 63, 127],
        "max_depth": [3, 5, 7, 9, -1],
        "learning_rate": [0.01, 0.03, 0.05, 0.08, 0.1],
        "subsample": [0.6, 0.7, 0.8, 0.9, 1.0],
        "colsample_bytree": [0.6, 0.7, 0.8, 0.9, 1.0],
        "min_child_samples": [5, 10, 20, 30],
        "reg_alpha": [0, 0.01, 0.03, 0.1, 0.3],
        "reg_lambda": [0, 0.01, 0.03, 0.1, 0.3],
        "bagging_freq": [0, 1, 5]
      },
      "ensemble": {
        "model_weights": ["auto", "uniform", "performance_based", "diversity_based", "optimization_based"],
        "stacking_method": ["weighted_average", "meta_learner", "voting", "blending", "bagging"],
        "meta_model_type": ["lightgbm", "neural_network", "bayesian", "ensemble"],
        "bagging_fraction": [0.5, 0.6, 0.7, 0.8, 0.9],
        "feature_fraction": [0.5, 0.6, 0.7, 0.8, 0.9],
        "calibration_method": ["isotonic", "platt_scaling", "temperature_scaling", "none"],
        "diversity_metric": ["correlation", "kappa", "disagreement", "q_statistic"]
      }
    },
    "adaptive_parameters": true,
    "transfer_learning": true,
    "ensemble_trials": true,
    "population_based_training": true,
    "hypermodel_architecture_search": true
  },
  "pair_specific_settings": {
    "AVAX/USD": {
      "lookback_window": 144,
      "prediction_horizon": 8,
      "base_leverage": 45.0,
      "max_leverage": 125.0,
      "confidence_threshold": 0.75,
      "risk_percentage": 0.20,
      "target_accuracy": 0.99,
      "feature_importance_threshold": 0.005,
      "max_feature_correlation": 0.90,
      "additional_features": ["eth_correlation", "btc_correlation", "sol_correlation", "defi_index", "market_sentiment"],
      "target_return": 10.0,
      "expected_win_rate": 0.985,
      "use_multi_timeframe_data": true,
      "use_advanced_features": true,
      "use_market_regime_detection": true,
      "model_ensemble_strategy": "weighted_voting",
      "feature_selection_method": "recursive_feature_elimination"
    },
    "MATIC/USD": {
      "lookback_window": 128,
      "prediction_horizon": 6,
      "base_leverage": 48.0,
      "max_leverage": 125.0,
      "confidence_threshold": 0.78,
      "risk_percentage": 0.20,
      "target_accuracy": 0.99,
      "feature_importance_threshold": 0.005,
      "max_feature_correlation": 0.90,
      "additional_features": ["eth_correlation", "btc_correlation", "defi_sector_performance", "nft_market_activity", "market_sentiment"],
      "target_return": 10.0,
      "expected_win_rate": 0.99,
      "use_multi_timeframe_data": true,
      "use_advanced_features": true,
      "use_market_regime_detection": true,
      "model_ensemble_strategy": "stacking",
      "feature_selection_method": "mutual_information"
    },
    "UNI/USD": {
      "lookback_window": 136,
      "prediction_horizon": 7,
      "base_leverage": 46.0,
      "max_leverage": 125.0,
      "confidence_threshold": 0.77,
      "risk_percentage": 0.20,
      "target_accuracy": 0.99,
      "feature_importance_threshold": 0.005,
      "max_feature_correlation": 0.90,
      "additional_features": ["eth_correlation", "btc_correlation", "defi_sentiment", "protocol_tvl", "exchange_volume", "market_sentiment"],
      "target_return": 10.0,
      "expected_win_rate": 0.98,
      "use_multi_timeframe_data": true,
      "use_advanced_features": true,
      "use_market_regime_detection": true,
      "model_ensemble_strategy": "boosting",
      "feature_selection_method": "boruta"
    },
    "ATOM/USD": {
      "lookback_window": 140,
      "prediction_horizon": 8,
      "base_leverage": 45.0,
      "max_leverage": 125.0,
      "confidence_threshold": 0.76,
      "risk_percentage": 0.20,
      "target_accuracy": 0.99,
      "feature_importance_threshold": 0.005,
      "max_feature_correlation": 0.90,
      "additional_features": ["btc_correlation", "eth_correlation", "interchain_activity", "staking_metrics", "market_sentiment"],
      "target_return": 10.0,
      "expected_win_rate": 0.98,
      "use_multi_timeframe_data": true,
      "use_advanced_features": true,
      "use_market_regime_detection": true,
      "model_ensemble_strategy": "blending",
      "feature_selection_method": "permutation_importance"
    }
  }
}