{
  "max_drawdown_percentage": 25.0,
  "position_sizing": {
    "default_risk_percentage": 0.20,
    "max_portfolio_risk": 0.50
  },
  "stop_loss": {
    "enable_trailing_stop": true,
    "trailing_stop_activation_percentage": 1.5,
    "trailing_stop_distance_percentage": 2.0,
    "fixed_stop_loss_percentage": 4.0
  },
  "dynamic_risk": {
    "enabled": true,
    "min_risk_percentage": 0.05,
    "max_risk_percentage": 0.30,
    "confidence_scaling_factor": 2.0
  },
  "leverage": {
    "default_leverage": 20.0,
    "max_leverage": 125.0,
    "dynamic_leverage": true,
    "confidence_threshold": 0.75
  },
  "market_conditions": {
    "bear_market_multiplier": 0.7,
    "volatile_market_multiplier": 0.8,
    "bull_market_multiplier": 1.2
  }
}