{
  "strategies": {
    "Adaptive": {
      "total_trades": 128,
      "winning_trades": 119,
      "losing_trades": 9,
      "win_rate": 0.9297,
      "profit_factor": 7.45,
      "sharpe_ratio": 3.12,
      "max_drawdown": 4.3,
      "avg_trade_duration": 8.7,
      "avg_trade_duration_hours": 8.7,
      "avg_profit_per_winning_trade": 2.94,
      "avg_loss_per_losing_trade": -1.82,
      "expectancy": 2.62,
      "performance_score": 8.9,
      "total_pnl": 5648.32,
      "avg_leverage": 38.5,
      "avg_confidence": 0.87
    },
    "ARIMA": {
      "total_trades": 97,
      "winning_trades": 88,
      "losing_trades": 9,
      "win_rate": 0.9072,
      "profit_factor": 6.89,
      "sharpe_ratio": 2.97,
      "max_drawdown": 5.1,
      "avg_trade_duration": 12.3,
      "avg_trade_duration_hours": 12.3,
      "avg_profit_per_winning_trade": 3.18,
      "avg_loss_per_losing_trade": -1.97,
      "expectancy": 2.72,
      "performance_score": 8.7,
      "total_pnl": 4892.75,
      "avg_leverage": 36.2,
      "avg_confidence": 0.83
    }
  },
  "categories": {
    "those dudes": {
      "strategies": ["Adaptive"],
      "total_trades": 128,
      "winning_trades": 119,
      "losing_trades": 9,
      "win_rate": 0.9297,
      "profit_factor": 7.45,
      "performance_score": 8.9,
      "total_pnl": 5648.32,
      "contribution": 0.54,
      "avg_confidence": 0.87,
      "trades": 128
    },
    "him all along": {
      "strategies": ["ARIMA"],
      "total_trades": 97,
      "winning_trades": 88,
      "losing_trades": 9,
      "win_rate": 0.9072,
      "profit_factor": 6.89,
      "performance_score": 8.7,
      "total_pnl": 4892.75,
      "contribution": 0.46,
      "avg_confidence": 0.83,
      "trades": 97
    }
  },
  "overall": {
    "total_trades": 225,
    "winning_trades": 207,
    "losing_trades": 18,
    "win_rate": 0.92,
    "profit_factor": 7.21,
    "sharpe_ratio": 3.05,
    "max_drawdown": 4.7,
    "return_percentage": 962.3,
    "performance_score": 8.8,
    "total_pnl": 10541.07,
    "avg_confidence": 0.85,
    "avg_leverage": 37.4
  }
}