{
  "tiers": [
    {
      "min_volume": 0,
      "max_volume": 50000,
      "maker_fee": 0.0002,
      "taker_fee": 0.0005
    },
    {
      "min_volume": 50000,
      "max_volume": 100000,
      "maker_fee": 0.00016,
      "taker_fee": 0.0004
    },
    {
      "min_volume": 100000,
      "max_volume": 250000,
      "maker_fee": 0.00014,
      "taker_fee": 0.00035
    },
    {
      "min_volume": 250000,
      "max_volume": 500000,
      "maker_fee": 0.00012,
      "taker_fee": 0.0003
    },
    {
      "min_volume": 500000,
      "max_volume": 1000000,
      "maker_fee": 0.0001,
      "taker_fee": 0.00025
    },
    {
      "min_volume": 1000000,
      "max_volume": Infinity,
      "maker_fee": 8e-05,
      "taker_fee": 0.0002
    }
  ]
}