timestamp,open,high,low,close,vwap,volume,count
2025-03-30 15:00:00,124.68,125.48,124.55,125.07,124.97,337.20892609,110
2025-03-30 15:30:00,125.07,125.26,124.73,124.78,125.01,356.26145718,93
2025-03-30 16:00:00,124.88,125.24,124.81,124.87,125.0,5504.6800764,189
2025-03-30 16:30:00,124.86,124.97,123.39,123.69,124.45,4622.09124583,239
2025-03-30 17:00:00,123.7,124.31,123.07,124.26,123.48,5334.84095216,281
2025-03-30 17:30:00,124.23,124.65,123.94,124.47,124.35,1016.5479174,137
2025-03-30 18:00:00,124.52,125.55,124.49,125.55,124.99,2346.31480976,178
2025-03-30 18:30:00,125.55,126.69,125.3,126.02,125.86,1390.19210882,260
2025-03-30 19:00:00,126.26,127.06,125.81,125.91,126.27,1261.94008767,191
2025-03-30 19:30:00,125.93,126.13,125.73,125.85,125.94,1425.19306115,108
2025-03-30 20:00:00,125.86,126.3,125.59,125.67,126.07,482.52008432,143
2025-03-30 20:30:00,125.67,125.83,125.26,125.35,125.5,669.3819003,98
2025-03-30 21:00:00,125.35,126.1,125.35,125.88,125.8,534.2042315,122
2025-03-30 21:30:00,125.93,125.93,124.4,124.74,125.19,1546.65512344,263
2025-03-30 22:00:00,124.75,124.75,123.21,124.52,123.74,4835.76069741,388
2025-03-30 22:30:00,124.45,125.86,124.45,124.96,125.02,1166.39673858,232
2025-03-30 23:00:00,125.0,125.0,124.13,124.13,124.64,2460.29364378,266
2025-03-30 23:30:00,124.07,124.83,123.98,124.78,124.16,2475.50336332,138
2025-03-31 00:00:00,124.78,125.0,124.09,124.31,124.89,1788.4436173,257
2025-03-31 00:30:00,124.21,124.21,122.72,123.7,123.13,5844.44651005,410
2025-03-31 01:00:00,123.71,126.38,123.68,126.33,125.2,16596.73817396,479
2025-03-31 01:30:00,126.27,126.56,125.8,126.23,126.33,17585.77441227,533
2025-03-31 02:00:00,126.24,126.32,125.6,125.92,126.1,2728.66688018,169
2025-03-31 02:30:00,125.93,127.49,125.93,126.54,126.71,1864.12728843,294
2025-03-31 03:00:00,126.54,127.11,125.54,126.02,126.38,701.65019024,166
2025-03-31 03:30:00,126.05,126.07,124.23,124.56,124.76,1541.31002198,185
2025-03-31 04:00:00,124.59,124.99,124.31,124.58,124.5,6004.40758414,180
2025-03-31 04:30:00,124.58,125.41,124.5,125.07,125.03,791.57544093,141
2025-03-31 05:00:00,125.04,126.62,124.83,126.18,125.99,1706.30397045,186
2025-03-31 05:30:00,126.14,126.14,125.65,126.0,125.82,3972.4080158,184
2025-03-31 06:00:00,126.09,126.32,125.3,125.3,125.55,8885.16108838,320
2025-03-31 06:30:00,125.33,126.41,125.24,126.18,125.5,8023.84434868,201
2025-03-31 07:00:00,126.2,126.93,125.75,126.0,126.15,3521.55520522,182
2025-03-31 07:30:00,126.01,126.18,125.31,125.67,125.51,1911.67970295,158
2025-03-31 08:00:00,125.81,126.63,125.81,126.32,126.23,1176.05574749,145
2025-03-31 08:30:00,126.31,126.44,125.44,125.44,125.87,362.16949164,90
2025-03-31 09:00:00,125.41,125.42,123.99,124.21,124.41,7355.86417376,321
2025-03-31 09:30:00,124.21,124.27,123.44,123.9,123.72,15489.44594842,591
2025-03-31 10:00:00,123.9,124.14,123.03,123.78,123.45,4687.39164558,261
2025-03-31 10:30:00,123.7,124.75,123.44,124.55,124.07,6310.42922437,433
2025-03-31 11:00:00,124.58,124.58,123.56,123.56,123.74,1259.27421436,109
2025-03-31 11:30:00,123.56,124.73,123.4,124.24,124.06,1525.67623383,197
2025-03-31 12:00:00,124.13,124.35,123.71,124.01,123.98,13266.14603834,494
2025-03-31 12:30:00,124.02,126.14,123.87,125.89,125.75,11303.90857713,360
2025-03-31 13:00:00,125.89,126.18,125.29,125.41,125.7,7654.41831115,362
2025-03-31 13:30:00,125.52,125.76,123.25,125.47,124.44,6425.0342166,491
2025-03-31 14:00:00,125.4,127.11,125.39,125.98,126.45,17220.36474693,589
2025-03-31 14:30:00,125.98,127.11,125.98,126.57,126.66,8091.57107383,574
2025-03-31 15:00:00,126.75,127.74,126.75,127.54,127.48,6149.94842471,642
2025-03-31 15:30:00,127.51,127.74,126.7,126.77,127.26,2309.97139286,280
2025-03-31 16:00:00,126.77,127.33,126.15,126.87,126.47,4544.40299693,396
2025-03-31 16:30:00,126.81,126.81,125.97,125.97,126.56,3183.14848147,276
2025-03-31 17:00:00,125.98,126.44,125.77,126.01,126.08,3293.10474244,311
2025-03-31 17:30:00,126.01,126.14,123.9,124.16,124.4,36815.03045546,1447
2025-03-31 18:00:00,124.3,125.43,124.26,125.3,124.98,5660.79757637,668
2025-03-31 18:30:00,125.3,126.53,125.28,125.72,126.07,15707.19634658,1499
2025-03-31 19:00:00,125.72,126.25,125.51,125.59,126.04,8306.06756804,735
2025-03-31 19:30:00,125.6,125.94,125.21,125.27,125.61,3187.55063681,210
2025-03-31 20:00:00,125.2,125.92,125.18,125.84,125.53,747.80033975,194
2025-03-31 20:30:00,125.88,125.89,125.31,125.41,125.75,691.89258868,177
2025-03-31 21:00:00,125.42,126.22,125.42,125.78,125.78,1960.64958926,194
2025-03-31 21:30:00,125.87,126.13,125.67,125.74,125.89,776.84921316,142
2025-03-31 22:00:00,125.74,125.9,124.85,125.2,125.41,2225.28637817,220
2025-03-31 22:30:00,125.15,125.45,125.12,125.45,125.23,394.50447502,97
2025-03-31 23:00:00,125.47,126.04,125.09,125.12,125.51,10614.2387203,347
2025-03-31 23:30:00,125.1,125.52,124.6,124.6,124.73,5381.76503674,350
2025-04-01 00:00:00,124.57,125.15,124.32,125.02,124.65,702.01769833,145
2025-04-01 00:30:00,125.01,125.14,124.13,124.52,124.3,756.32589141,161
2025-04-01 01:00:00,124.52,124.67,123.79,124.6,124.28,708.52206579,181
2025-04-01 01:30:00,124.62,124.7,124.0,124.58,124.54,2414.43562492,230
2025-04-01 02:00:00,124.51,125.29,124.51,125.02,124.94,711.20966481,134
2025-04-01 02:30:00,125.0,126.2,124.91,126.19,125.43,475.40221301,157
2025-04-01 03:00:00,126.22,126.71,126.08,126.21,126.34,1908.07176858,226
2025-04-01 03:30:00,126.21,126.21,125.79,126.03,125.89,521.79234795,104
2025-04-01 04:00:00,126.05,126.24,125.59,125.9,125.95,395.87799629,89
2025-04-01 04:30:00,125.94,126.19,125.86,126.08,126.09,127.37851554,61
2025-04-01 05:00:00,126.11,126.67,126.08,126.59,126.4,270.66536419,92
2025-04-01 05:30:00,126.65,126.69,125.99,126.0,126.31,985.83169992,103
2025-04-01 06:00:00,125.99,126.05,125.62,125.87,125.87,682.38794571,97
2025-04-01 06:30:00,125.88,126.67,125.88,126.55,126.46,540.3961302,104
2025-04-01 07:00:00,126.55,126.6,126.09,126.19,126.38,490.0656223,98
2025-04-01 07:30:00,126.21,126.67,126.06,126.67,126.28,279.10452977,75
2025-04-01 08:00:00,126.68,129.34,126.68,129.32,128.17,41202.38908577,1243
2025-04-01 08:30:00,129.35,129.88,129.12,129.49,129.53,12670.96938922,661
2025-04-01 09:00:00,129.39,129.69,128.48,128.59,129.54,4971.34006298,383
2025-04-01 09:30:00,128.57,129.25,128.57,129.25,128.86,12276.48301829,236
2025-04-01 10:00:00,129.25,129.25,128.42,128.76,128.79,464.94407275,123
2025-04-01 10:30:00,128.71,128.71,127.88,127.9,128.26,3200.07949066,427
2025-04-01 11:00:00,127.96,128.16,127.62,127.67,127.84,20184.84211324,330
2025-04-01 11:30:00,127.63,127.68,127.1,127.58,127.4,11322.61683234,368
2025-04-01 12:00:00,127.57,127.79,127.09,127.54,127.46,1009.73243194,108
2025-04-01 12:30:00,127.56,127.57,126.5,127.15,126.84,2566.58014843,209
2025-04-01 13:00:00,127.15,127.76,126.96,127.74,127.37,803.65154341,144
2025-04-01 13:30:00,127.71,128.31,126.88,127.65,127.65,3031.33112786,244
2025-04-01 14:00:00,127.71,127.71,124.72,125.64,125.73,6374.20661212,653
2025-04-01 14:30:00,125.61,127.79,125.5,127.22,126.58,2703.07516448,286
2025-04-01 15:00:00,127.16,130.35,126.85,128.48,129.11,11971.44221385,843
2025-04-01 15:30:00,128.57,129.97,128.2,129.21,129.27,10529.884284,403
2025-04-01 16:00:00,129.27,129.6,128.12,128.4,128.8,7562.4867453,390
2025-04-01 16:30:00,128.27,128.87,128.11,128.11,128.32,12200.25142605,271
2025-04-01 17:00:00,128.18,128.36,127.5,127.99,127.88,7966.11031921,278
2025-04-01 17:30:00,127.92,128.11,127.12,127.27,127.62,32129.92083635,552
2025-04-01 18:00:00,127.29,127.29,125.55,126.3,126.1,14233.80316113,482
2025-04-01 18:30:00,126.31,126.59,126.01,126.5,126.39,4763.4495798,311
2025-04-01 19:00:00,126.46,127.06,126.46,126.63,126.72,1453.54914842,184
2025-04-01 19:30:00,126.63,126.98,126.58,126.83,126.82,1709.46505803,168
2025-04-01 20:00:00,126.81,126.81,125.5,125.5,125.98,6464.24237326,251
2025-04-01 20:30:00,125.51,126.73,125.34,126.41,126.21,3402.33483867,270
2025-04-01 21:00:00,126.47,126.76,126.12,126.42,126.52,1000.83006178,136
2025-04-01 21:30:00,126.42,126.65,126.24,126.43,126.47,1587.63715937,167
2025-04-01 22:00:00,126.32,126.91,125.9,126.89,126.46,919.16758092,175
2025-04-01 22:30:00,126.9,127.19,126.74,126.86,126.98,1605.37515501,158
2025-04-01 23:00:00,126.79,127.17,126.19,127.15,126.6,460.93312387,100
2025-04-01 23:30:00,127.15,127.51,126.6,126.69,127.08,596.72047134,147
2025-04-02 00:00:00,126.7,126.78,126.24,126.24,126.56,495.4206752,137
2025-04-02 00:30:00,126.23,126.92,126.13,126.22,126.56,1332.0672085,213
2025-04-02 01:00:00,126.21,126.22,125.41,125.66,125.59,365.72879685,167
2025-04-02 01:30:00,125.6,126.18,125.47,125.68,125.81,807.2351054,149
2025-04-02 02:00:00,125.64,125.79,124.18,124.53,124.54,5729.65306925,416
2025-04-02 02:30:00,124.56,125.13,124.22,124.8,124.62,353.54760468,143
2025-04-02 03:00:00,124.77,125.27,124.71,124.84,124.98,390.49287963,140
2025-04-02 03:30:00,124.88,124.96,124.29,124.33,124.76,3585.32825844,153
2025-04-02 04:00:00,124.33,125.0,124.28,124.85,124.6,713.725461,122
2025-04-02 04:30:00,124.73,124.93,124.46,124.9,124.67,478.69323184,95
2025-04-02 05:00:00,124.9,124.9,123.79,123.79,124.05,1005.20116037,228
2025-04-02 05:30:00,123.82,124.12,123.5,123.73,123.82,808.56999197,152
2025-04-02 06:00:00,123.78,124.26,123.73,124.26,123.97,627.35903481,129
2025-04-02 06:30:00,124.29,124.56,124.01,124.12,124.33,611.67452637,125
2025-04-02 07:00:00,124.07,124.39,123.96,124.2,124.2,955.45566406,128
2025-04-02 07:30:00,124.11,124.75,123.99,124.66,124.48,1796.57496181,152
2025-04-02 08:00:00,124.55,125.6,124.36,125.6,125.12,2531.24329104,171
2025-04-02 08:30:00,125.59,125.76,125.17,125.42,125.46,1382.08601889,119
2025-04-02 09:00:00,125.47,126.62,125.33,125.87,126.22,1375.11860958,188
2025-04-02 09:30:00,126.03,126.15,125.48,126.05,125.8,620.67984327,94
2025-04-02 10:00:00,126.05,126.42,125.72,126.06,126.18,1842.08834223,140
2025-04-02 10:30:00,125.92,125.95,125.56,125.62,125.77,778.72887555,98
2025-04-02 11:00:00,125.73,126.26,125.66,125.98,126.02,433.97882094,154
2025-04-02 11:30:00,125.91,126.19,125.66,125.69,125.84,1344.81599586,145
2025-04-02 12:00:00,125.68,126.0,125.19,125.19,125.61,1179.22758918,209
2025-04-02 12:30:00,125.2,126.67,125.2,126.54,125.75,1687.69068186,215
2025-04-02 13:00:00,126.59,126.69,125.57,125.58,126.01,953.13563606,147
2025-04-02 13:30:00,125.62,127.92,125.26,126.31,127.26,2026.8590888,339
2025-04-02 14:00:00,126.3,127.4,126.22,126.92,126.76,2326.94295109,270
2025-04-02 14:30:00,126.86,128.04,126.53,127.83,127.19,4533.40202505,331
2025-04-02 15:00:00,127.61,129.5,127.56,129.05,128.88,17091.11332875,951
2025-04-02 15:30:00,128.93,131.0,128.93,130.23,129.74,23051.36601734,1189
2025-04-02 16:00:00,130.4,131.74,130.4,131.0,131.37,8952.28370824,824
2025-04-02 16:30:00,131.0,131.42,130.12,131.05,130.63,12023.42380341,438
2025-04-02 17:00:00,131.16,131.45,130.17,130.17,130.9,6145.7608908,339
2025-04-02 17:30:00,130.15,130.27,129.38,129.66,129.72,8683.99887119,549
2025-04-02 18:00:00,129.7,129.92,129.22,129.45,129.6,1251.62693076,192
2025-04-02 18:30:00,129.42,130.29,129.42,130.03,130.08,3710.68613023,222
2025-04-02 19:00:00,130.04,130.68,130.04,130.38,130.4,1513.65968606,234
2025-04-02 19:30:00,130.37,131.5,130.25,131.5,130.67,7279.12327183,451
2025-04-02 20:00:00,131.49,136.15,128.45,129.27,132.26,54676.28943507,2772
2025-04-02 20:30:00,129.2,130.47,126.88,127.99,128.63,22356.04227493,998
2025-04-02 21:00:00,128.02,128.26,124.7,124.97,126.21,45141.44073921,1643
2025-04-02 21:30:00,124.9,125.96,124.7,125.3,125.16,5315.13798555,435
2025-04-02 22:00:00,125.31,125.31,121.06,121.31,122.61,34603.42210987,1532
2025-04-02 22:30:00,121.29,121.29,118.27,118.69,119.8,15299.36058537,1450
2025-04-02 23:00:00,118.68,119.5,117.65,119.48,118.56,12061.85475908,881
2025-04-02 23:30:00,119.44,119.44,117.22,117.31,118.7,19096.65639799,776
2025-04-03 00:00:00,117.42,119.51,116.31,118.88,117.97,11401.22146477,937
2025-04-03 00:30:00,119.08,120.13,119.08,119.89,119.38,8919.03992268,552
2025-04-03 01:00:00,119.97,120.12,118.68,119.49,119.23,74817.90490953,694
2025-04-03 01:30:00,119.49,120.36,119.21,119.51,119.79,22316.11629839,681
2025-04-03 02:00:00,119.5,119.94,119.11,119.88,119.57,4638.29295551,317
2025-04-03 02:30:00,119.85,120.76,119.67,120.76,120.07,5245.48131301,318
2025-04-03 03:00:00,120.76,120.87,120.09,120.56,120.42,1188.70336792,194
2025-04-03 03:30:00,120.56,120.78,119.76,119.83,120.37,2713.41574892,262
2025-04-03 04:00:00,119.84,120.14,119.69,119.7,119.93,1708.27447413,259
2025-04-03 04:30:00,119.71,120.78,119.41,120.4,120.29,1834.18644051,216
2025-04-03 05:00:00,120.39,120.57,119.66,119.85,120.22,1592.28897928,180
2025-04-03 05:30:00,119.86,119.88,118.86,118.86,119.54,3862.05009425,336
2025-04-03 06:00:00,118.9,119.31,118.8,119.11,119.16,1587.56950969,167
2025-04-03 06:30:00,119.11,119.12,117.93,118.26,118.62,4632.3413384,323
2025-04-03 07:00:00,118.25,118.91,117.99,118.63,118.27,2761.94450072,375
2025-04-03 07:30:00,118.66,118.88,118.08,118.72,118.37,4163.52808527,290
2025-04-03 08:00:00,118.67,119.17,118.32,118.32,118.75,16313.71438107,454
2025-04-03 08:30:00,118.32,119.02,118.12,118.92,118.66,936.39662203,127
2025-04-03 09:00:00,118.92,118.92,118.27,118.27,118.72,443.36258608,91
2025-04-03 09:30:00,118.28,118.78,117.77,117.89,118.18,20458.75435851,293
2025-04-03 10:00:00,117.89,118.29,116.75,116.76,117.58,19021.7702821,623
2025-04-03 10:30:00,116.74,117.09,115.42,115.92,116.38,9765.09401521,787
2025-04-03 11:00:00,115.86,116.48,115.13,116.18,115.63,10735.63546873,536
2025-04-03 11:30:00,116.09,116.4,115.5,115.79,115.78,3035.46268908,307
2025-04-03 12:00:00,115.71,115.99,114.68,114.92,115.29,13107.16500734,659
2025-04-03 12:30:00,114.96,115.39,112.66,113.1,113.61,10641.53644161,1093
2025-04-03 13:00:00,113.08,113.95,112.82,113.85,113.38,12194.25766251,676
2025-04-03 13:30:00,113.83,115.5,113.82,114.78,114.69,18051.59890174,668
2025-04-03 14:00:00,114.78,114.8,112.93,114.0,113.98,8248.5027118,581
2025-04-03 14:30:00,114.01,114.28,112.13,112.71,112.66,20576.03279574,894
2025-04-03 15:00:00,112.67,114.24,112.6,114.0,113.5,4975.80088773,564
2025-04-03 15:30:00,114.01,114.38,113.7,114.16,114.14,4790.41224449,472
2025-04-03 16:00:00,114.14,114.79,114.03,114.69,114.47,3238.16885482,468
2025-04-03 16:30:00,114.74,114.74,113.47,113.68,114.13,8981.23301191,468
2025-04-03 17:00:00,113.63,114.17,113.29,113.56,113.67,2214.56725331,320
2025-04-03 17:30:00,113.56,114.8,113.42,114.21,114.27,9709.85865698,529
2025-04-03 18:00:00,114.32,114.72,113.81,114.72,114.21,1760.86373674,241
2025-04-03 18:30:00,114.67,115.91,114.63,115.07,115.52,9469.0587398,554
2025-04-03 19:00:00,115.08,115.68,114.9,115.18,115.42,12571.75204978,567
2025-04-03 19:30:00,115.18,115.48,115.01,115.25,115.31,2339.37265453,224
2025-04-03 20:00:00,115.33,115.81,115.1,115.17,115.55,1054.99966327,246
2025-04-03 20:30:00,115.19,116.44,115.15,116.18,115.96,4060.07878105,390
2025-04-03 21:00:00,116.2,116.64,116.05,116.35,116.41,2006.31645684,325
2025-04-03 21:30:00,116.26,117.35,115.97,117.17,116.45,3738.38750242,340
2025-04-03 22:00:00,117.15,117.3,116.48,116.69,116.83,2203.97424632,329
2025-04-03 22:30:00,116.76,117.2,116.75,116.94,116.91,1705.09499747,199
2025-04-03 23:00:00,116.96,117.13,116.06,116.62,116.37,589.7227008,206
2025-04-03 23:30:00,116.68,117.35,116.68,117.06,117.0,2954.80634401,295
2025-04-04 00:00:00,117.14,117.33,116.62,116.99,117.02,5489.24812175,199
2025-04-04 00:30:00,116.98,117.14,115.92,115.95,116.5,867.41045767,217
2025-04-04 01:00:00,115.98,116.25,115.61,115.93,115.92,3059.36102752,206
2025-04-04 01:30:00,115.87,115.87,114.67,114.85,115.56,2093.87602449,256
2025-04-04 02:00:00,114.94,116.34,114.91,115.68,116.01,1388.76480223,201
2025-04-04 02:30:00,115.72,116.13,115.32,115.5,115.71,322.70477384,119
2025-04-04 03:00:00,115.53,115.62,114.97,115.48,115.15,1197.83684148,205
2025-04-04 03:30:00,115.51,115.53,114.98,115.38,115.35,13191.43088594,290
2025-04-04 04:00:00,115.4,115.4,114.71,115.09,115.12,4803.46298801,196
2025-04-04 04:30:00,115.14,115.31,114.87,114.98,115.09,1318.40689361,120
2025-04-04 05:00:00,114.99,115.92,114.72,115.87,115.11,1757.72944451,182
2025-04-04 05:30:00,115.87,116.5,115.86,116.5,116.28,1619.17085447,205
2025-04-04 06:00:00,116.51,116.81,116.15,116.81,116.55,3106.42822559,200
2025-04-04 06:30:00,116.76,116.81,116.04,116.07,116.31,474.16464347,93
2025-04-04 07:00:00,116.07,117.57,116.03,117.38,117.09,1273.14822806,179
2025-04-04 07:30:00,117.32,118.24,117.22,118.14,118.03,5708.89886713,411
2025-04-04 08:00:00,118.16,118.88,118.12,118.65,118.49,9856.18363857,652
2025-04-04 08:30:00,118.6,119.09,118.32,118.92,118.94,8160.0602637,445
2025-04-04 09:00:00,118.9,119.2,118.54,118.88,118.93,2514.61646075,216
2025-04-04 09:30:00,118.87,119.88,118.75,119.6,119.31,6463.97927121,332
2025-04-04 10:00:00,119.61,119.71,116.08,116.08,117.7,18815.84587069,816
2025-04-04 10:30:00,116.09,116.6,114.88,114.92,115.61,11279.41195013,431
2025-04-04 11:00:00,115.0,115.44,113.45,113.46,114.62,8474.25179082,497
2025-04-04 11:30:00,113.46,114.61,113.29,114.61,113.88,63542.6802708,852
2025-04-04 12:00:00,114.53,115.18,114.01,114.74,114.7,4728.96205821,279
2025-04-04 12:30:00,114.68,116.31,114.39,115.48,115.37,3356.4723487,379
2025-04-04 13:00:00,115.56,116.63,114.95,115.11,115.66,2357.53849581,323
2025-04-04 13:30:00,115.04,116.51,114.14,116.44,115.09,1341.09953315,339
2025-04-04 14:00:00,116.43,117.26,115.48,117.06,116.48,3534.31212204,367
2025-04-04 14:30:00,117.11,117.66,115.32,117.47,116.21,6330.06104778,611
2025-04-04 15:00:00,117.37,120.89,117.36,119.32,119.55,16254.07429284,1149
2025-04-04 15:30:00,119.38,119.93,117.82,118.62,119.06,19441.0133459,670
2025-04-04 16:00:00,118.56,120.08,118.29,118.81,119.29,7100.5256571,389
2025-04-04 16:30:00,118.83,122.71,118.28,121.72,120.78,13554.73121581,829
2025-04-04 17:00:00,121.74,121.96,119.73,121.48,120.71,13782.97848922,652
2025-04-04 17:30:00,121.48,123.77,121.2,123.04,122.78,55182.18057052,1509
2025-04-04 18:00:00,123.09,123.12,121.62,121.72,122.34,5136.94921315,321
2025-04-04 18:30:00,121.74,122.54,121.39,121.66,122.05,3096.17523922,355
2025-04-04 19:00:00,121.67,122.77,121.36,122.52,122.28,1397.65539593,230
2025-04-04 19:30:00,122.51,122.95,122.16,122.61,122.54,2982.55980356,293
2025-04-04 20:00:00,122.66,122.88,121.71,122.67,122.39,2533.72430557,263
2025-04-04 20:30:00,122.72,123.79,122.72,123.32,123.42,7431.90496322,424
2025-04-04 21:00:00,123.39,123.71,123.07,123.17,123.33,2292.06467726,285
2025-04-04 21:30:00,123.17,123.94,122.91,123.11,123.49,16979.66116171,1135
2025-04-04 22:00:00,123.11,123.83,122.87,123.51,123.04,21929.69677625,767
2025-04-04 22:30:00,123.5,123.56,123.24,123.33,123.44,3666.41368135,1268
2025-04-04 23:00:00,123.3,123.33,122.18,122.27,122.7,3637.03776107,254
2025-04-04 23:30:00,122.28,122.92,122.02,122.74,122.28,1219.70313192,205
2025-04-05 00:00:00,122.75,122.82,122.1,122.1,122.42,2118.46915522,223
2025-04-05 00:30:00,122.09,122.38,121.83,122.2,121.97,1032.9912267,139
2025-04-05 01:00:00,122.19,122.68,121.82,122.33,122.46,823.82812295,125
2025-04-05 01:30:00,122.19,122.58,121.63,121.81,122.04,452.38110197,127
2025-04-05 02:00:00,121.94,121.94,120.91,120.91,121.33,2776.0607113,427
2025-04-05 02:30:00,120.9,121.4,120.74,121.01,121.13,1483.15913644,249
2025-04-05 03:00:00,121.01,121.08,120.72,120.72,120.89,853.15936746,152
2025-04-05 03:30:00,120.7,121.13,120.68,120.68,120.91,378.66357895,126
2025-04-05 04:00:00,120.69,121.28,120.69,121.26,121.08,806.40789404,162
2025-04-05 04:30:00,121.22,121.22,120.38,120.6,120.49,2398.53117108,224
2025-04-05 05:00:00,120.62,121.01,120.38,120.91,120.63,188.2842154,97
2025-04-05 05:30:00,121.0,121.03,120.61,120.69,120.89,5674.20621301,593
2025-04-05 06:00:00,120.67,121.06,120.63,120.88,120.88,156.68897733,106
2025-04-05 06:30:00,120.91,121.03,120.17,120.64,120.68,6083.5656062,204
2025-04-05 07:00:00,120.58,120.71,120.16,120.71,120.22,659.68565086,91
2025-04-05 07:30:00,120.69,121.21,120.45,121.01,120.77,776.19137863,135
2025-04-05 08:00:00,121.04,121.4,120.68,120.68,121.12,328.48703409,75
2025-04-05 08:30:00,120.75,121.31,120.75,121.11,121.08,5379.66133668,116
2025-04-05 09:00:00,121.21,121.74,121.14,121.54,121.41,465.15454946,100
2025-04-05 09:30:00,121.51,121.85,121.34,121.81,121.64,183.15187189,79
2025-04-05 10:00:00,121.81,121.85,121.29,121.36,121.63,697.44608872,125
2025-04-05 10:30:00,121.33,121.41,120.75,120.87,121.04,723.77949217,144
2025-04-05 11:00:00,120.9,120.99,119.85,120.29,120.44,7729.47344099,311
2025-04-05 11:30:00,120.4,120.45,120.01,120.21,120.13,3577.90273871,134
2025-04-05 12:00:00,120.21,120.25,119.76,119.78,120.07,414.88569357,149
2025-04-05 12:30:00,119.83,119.91,118.8,119.1,119.33,1404.66725203,257
2025-04-05 13:00:00,119.13,119.23,118.22,118.49,118.66,3050.07401518,265
2025-04-05 13:30:00,118.44,118.52,117.58,117.84,117.82,2731.63683423,275
2025-04-05 14:00:00,117.84,118.34,117.25,117.86,117.63,4290.96906279,358
2025-04-05 14:30:00,117.88,118.41,117.61,118.08,118.23,1625.37416586,155
2025-04-05 15:00:00,118.07,118.07,117.35,117.42,117.61,755.85296597,159
2025-04-05 15:30:00,117.41,117.61,117.14,117.52,117.33,4661.47244536,336
2025-04-05 16:00:00,117.52,118.19,117.5,117.8,117.73,2284.94227873,246
2025-04-05 16:30:00,117.86,118.1,117.57,117.78,117.96,709.75110435,135
2025-04-05 17:00:00,117.8,118.21,117.59,118.21,118.01,1109.35996827,155
2025-04-05 17:30:00,118.19,118.46,117.86,117.92,118.05,2150.00629031,179
2025-04-05 18:00:00,117.92,118.56,117.88,118.35,118.22,2416.0306155,261
2025-04-05 18:30:00,118.34,118.95,118.11,118.95,118.47,1004.36385516,164
2025-04-05 19:00:00,118.94,119.27,118.94,119.12,119.03,5898.29177934,228
2025-04-05 19:30:00,119.11,119.24,118.38,118.47,118.8,1408.83025608,150
2025-04-05 20:00:00,118.5,119.15,118.5,119.13,119.07,2142.7716118,165
2025-04-05 20:30:00,119.13,119.35,118.36,119.18,119.18,6190.64998703,270
2025-04-05 21:00:00,119.17,119.36,118.87,119.11,119.06,6580.63993914,223
2025-04-05 21:30:00,119.18,119.18,118.7,118.92,118.9,344.26303842,103
2025-04-05 22:00:00,118.89,119.45,118.85,119.1,119.22,3199.40257267,181
2025-04-05 22:30:00,119.13,119.34,118.94,119.19,119.22,1237.42943569,136
2025-04-05 23:00:00,119.18,119.52,119.17,119.38,119.28,732.58096732,142
2025-04-05 23:30:00,119.4,120.49,119.38,120.26,120.21,2099.92158531,214
2025-04-06 00:00:00,120.25,120.43,119.77,120.14,120.09,404.80810747,124
2025-04-06 00:30:00,120.05,120.47,120.03,120.33,120.25,587.27153118,121
2025-04-06 01:00:00,120.31,120.96,120.16,120.8,120.64,3455.57299467,286
2025-04-06 01:30:00,120.82,121.0,120.12,120.33,120.22,771.38432967,101
2025-04-06 02:00:00,120.38,120.8,119.75,119.8,120.08,5496.36154104,258
2025-04-06 02:30:00,119.81,120.11,119.81,119.96,119.91,893.77064185,127
2025-04-06 03:00:00,120.0,120.31,119.59,119.69,120.03,2547.88271859,179
2025-04-06 03:30:00,119.7,119.91,119.32,119.87,119.45,4256.14158422,266
2025-04-06 04:00:00,119.93,120.0,119.5,119.83,119.7,178.67271415,95
2025-04-06 04:30:00,119.76,119.81,119.55,119.77,119.76,2677.99752943,90
2025-04-06 05:00:00,119.8,119.99,119.7,119.99,119.84,362.59242147,93
2025-04-06 05:30:00,120.02,120.41,119.73,120.26,120.02,245.00953585,78
2025-04-06 06:00:00,120.25,120.5,119.97,120.29,120.13,214.79336808,88
2025-04-06 06:30:00,120.29,120.43,119.32,119.32,119.7,478.59212637,78
2025-04-06 07:00:00,119.33,119.42,118.91,118.98,119.13,909.94572894,147
2025-04-06 07:30:00,118.99,119.3,118.84,119.14,119.01,831.53900422,113
2025-04-06 08:00:00,119.15,119.27,118.52,118.53,119.1,2219.1554989,162
2025-04-06 08:30:00,118.59,119.49,118.59,119.49,118.97,437.78914202,125
2025-04-06 09:00:00,119.48,119.94,119.25,119.94,119.49,509.33940016,92
2025-04-06 09:30:00,119.94,120.02,119.56,119.68,119.86,1804.59738316,125
2025-04-06 10:00:00,119.68,119.68,118.87,118.92,119.04,3356.58612941,195
2025-04-06 10:30:00,118.89,119.06,118.64,119.05,118.91,11192.45796095,370
2025-04-06 11:00:00,119.05,119.05,118.15,118.53,118.58,13397.23109949,472
2025-04-06 11:30:00,118.48,118.63,118.09,118.5,118.24,5345.30385409,247
2025-04-06 12:00:00,118.5,118.69,117.85,118.03,118.5,3513.96054139,194
2025-04-06 12:30:00,118.03,118.03,116.13,116.34,117.22,154944.81431664,1586
2025-04-06 13:00:00,116.34,116.34,114.88,115.01,115.95,54701.8912466,854
2025-04-06 13:30:00,115.04,115.42,114.34,114.61,114.89,16418.84946127,633
2025-04-06 14:00:00,114.62,115.57,114.27,114.57,114.89,9845.61750247,475
2025-04-06 14:30:00,114.57,115.72,114.51,115.67,115.28,5069.17414881,382
2025-04-06 15:00:00,115.63,115.8,114.85,114.85,115.01,4361.54483876,291
2025-04-06 15:30:00,114.86,115.36,114.85,115.0,115.14,913.31362102,212
2025-04-06 16:00:00,115.01,115.17,114.33,115.09,114.79,9950.22056865,566
2025-04-06 16:30:00,115.12,115.18,113.69,114.0,114.27,17114.90412156,544
2025-04-06 17:00:00,113.9,114.25,112.81,112.86,113.76,9450.32550351,633
2025-04-06 17:30:00,112.91,112.95,110.44,111.35,111.59,51689.89737046,2041
2025-04-06 18:00:00,111.29,111.37,107.32,107.84,109.36,74571.52534168,2883
2025-04-06 18:30:00,107.8,109.47,107.22,107.55,108.29,40920.43879752,1939
2025-04-06 19:00:00,107.6,108.49,106.17,107.77,107.32,24773.47097176,1596
2025-04-06 19:30:00,107.74,108.46,107.23,108.07,107.89,24834.48025845,927
2025-04-06 20:00:00,108.08,108.4,107.61,107.8,107.95,2061.8642143,366
2025-04-06 20:30:00,107.8,108.12,105.48,106.46,106.97,12502.47650108,1110
2025-04-06 21:00:00,106.44,107.7,106.23,107.11,107.13,8531.99708116,566
2025-04-06 21:30:00,107.22,107.66,106.66,106.86,107.19,3470.05580421,331
2025-04-06 22:00:00,106.88,108.18,106.06,107.38,107.24,9434.47515659,773
2025-04-06 22:30:00,107.24,107.24,105.69,105.9,106.2,16599.20064355,764
2025-04-06 23:00:00,105.85,106.1,103.74,104.37,104.79,19664.43316199,1265
2025-04-06 23:30:00,104.36,106.38,104.32,105.85,105.78,20150.92471805,852
2025-04-07 00:00:00,105.85,106.15,103.82,104.98,104.91,18982.21703685,772
2025-04-07 00:30:00,105.02,105.05,103.2,104.68,103.82,15680.78882463,729
2025-04-07 01:00:00,104.72,107.69,104.72,107.01,106.7,9683.74583158,907
2025-04-07 01:30:00,107.0,107.52,106.22,107.43,106.92,2406.17241845,289
2025-04-07 02:00:00,107.41,107.49,106.15,106.15,107.09,3840.2051429,382
2025-04-07 02:30:00,106.15,106.51,105.39,105.82,105.82,4636.78483776,346
2025-04-07 03:00:00,105.86,106.03,104.91,105.52,105.47,4767.21681561,403
2025-04-07 03:30:00,105.37,105.51,102.11,103.27,102.73,12447.8237872,1096
2025-04-07 04:00:00,103.2,103.63,101.72,103.19,102.72,11696.84961173,673
2025-04-07 04:30:00,103.19,103.31,101.54,102.56,102.22,22633.66546781,883
2025-04-07 05:00:00,102.51,102.98,101.36,102.29,102.16,24192.53868341,743
2025-04-07 05:30:00,102.31,102.64,101.11,101.78,101.6,14695.18457322,538
2025-04-07 06:00:00,101.85,102.56,99.42,99.67,100.36,29281.21178407,1799
2025-04-07 06:30:00,99.7,100.07,95.17,97.03,97.64,73738.46234453,3596
2025-04-07 07:00:00,97.17,98.73,96.97,97.39,97.73,31081.20133568,1306
2025-04-07 07:30:00,97.38,98.62,96.95,97.1,97.44,7681.6836484,541
2025-04-07 08:00:00,97.04,100.9,96.9,100.18,99.2,9551.70147039,977
2025-04-07 08:30:00,100.07,101.52,99.79,100.41,100.73,20964.67320181,684
2025-04-07 09:00:00,100.38,101.03,99.07,100.42,99.85,17902.94583825,591
2025-04-07 09:30:00,100.33,101.65,100.14,100.27,100.88,5282.84755039,426
2025-04-07 10:00:00,100.29,102.59,100.25,101.77,101.69,9497.21909549,651
2025-04-07 10:30:00,101.76,101.86,100.25,100.39,101.05,6150.64364393,399
2025-04-07 11:00:00,100.27,101.03,99.91,100.22,100.26,7851.0515725,350
2025-04-07 11:30:00,100.24,100.25,99.24,100.23,99.79,6946.4965795,529
2025-04-07 12:00:00,100.29,102.26,99.72,102.26,100.43,9762.42214453,501
2025-04-07 12:30:00,102.23,103.12,100.83,102.91,102.13,8233.04331187,518
2025-04-07 13:00:00,102.91,103.36,101.91,102.24,102.66,12343.10408021,719
2025-04-07 13:30:00,102.03,107.18,100.74,106.69,103.33,40463.336306,1800
2025-04-07 14:00:00,106.53,112.9,104.78,105.01,107.89,61076.74421741,2952
2025-04-07 14:30:00,105.09,108.2,104.62,107.45,106.5,18426.18266851,1131
2025-04-07 15:00:00,107.34,107.97,103.8,104.89,105.63,21989.32351866,979
2025-04-07 15:30:00,105.1,107.51,104.95,106.63,106.85,13118.49373732,581
2025-04-07 16:00:00,106.61,106.62,104.68,105.83,105.71,8436.62250074,456
2025-04-07 16:30:00,105.73,106.3,103.52,103.84,104.85,8630.32574266,519
2025-04-07 17:00:00,103.8,106.53,103.8,106.53,105.01,11697.37501119,612
2025-04-07 17:30:00,106.51,107.83,106.22,107.61,107.26,19627.02872185,811
2025-04-07 18:00:00,107.63,107.63,106.15,106.2,106.94,16490.4851643,520
2025-04-07 18:30:00,106.18,107.5,105.87,105.91,106.51,2893.36354476,309
2025-04-07 19:00:00,105.93,106.74,105.23,105.79,105.7,5682.35462486,346
2025-04-07 19:30:00,105.75,106.94,105.59,105.71,106.3,3261.07807966,310
2025-04-07 20:00:00,105.76,106.9,105.76,106.88,106.51,3665.73107613,308
2025-04-07 20:30:00,106.9,107.92,106.9,107.28,107.48,3120.1291071,363
2025-04-07 21:00:00,107.35,107.58,106.58,106.98,107.01,1194.40793497,242
2025-04-07 21:30:00,107.06,108.6,106.67,107.85,107.77,5526.04163018,400
2025-04-07 22:00:00,107.87,109.11,107.58,109.03,108.45,2915.30303171,279
2025-04-07 22:30:00,108.94,109.21,108.57,108.62,108.86,4686.57205525,325
2025-04-07 23:00:00,108.63,108.68,107.57,107.74,108.27,15826.97767729,476
2025-04-07 23:30:00,107.82,107.91,106.64,106.89,107.19,3559.2251348,260
2025-04-08 00:00:00,106.93,107.63,106.74,107.3,107.2,5110.15459113,218
2025-04-08 00:30:00,107.18,107.58,106.64,106.99,107.13,4716.21894673,296
2025-04-08 01:00:00,106.99,109.4,106.65,109.25,107.92,1981.35251199,318
2025-04-08 01:30:00,109.2,111.26,109.04,111.01,110.41,30716.51716055,890
2025-04-08 02:00:00,111.02,112.48,110.7,112.06,111.36,11382.08706802,567
2025-04-08 02:30:00,112.01,112.23,111.17,111.3,111.64,7762.00024419,277
2025-04-08 03:00:00,111.27,111.72,110.47,111.51,111.07,10177.63920802,311
2025-04-08 03:30:00,111.55,111.57,110.7,111.28,110.97,8894.9220894,348
2025-04-08 04:00:00,111.28,112.07,111.11,112.07,111.71,7282.57702466,245
2025-04-08 04:30:00,112.07,112.07,111.27,111.62,111.55,6909.45716242,315
2025-04-08 05:00:00,111.68,111.85,110.45,110.45,110.92,2317.96336137,251
2025-04-08 05:30:00,110.51,110.76,110.15,110.53,110.28,3211.47641803,180
2025-04-08 06:00:00,110.53,110.53,109.05,109.21,109.65,6128.85577129,433
2025-04-08 06:30:00,109.18,109.3,108.6,108.61,108.83,9878.7858535,366
2025-04-08 07:00:00,108.59,109.08,108.15,108.87,108.38,5482.80081792,254
2025-04-08 07:30:00,108.86,108.86,108.0,108.68,108.54,1009.69317159,117
2025-04-08 08:00:00,108.66,108.7,107.11,107.44,107.51,9163.23723213,597
2025-04-08 08:30:00,107.48,108.17,107.43,108.09,107.93,882.80287227,104
2025-04-08 09:00:00,108.09,108.47,107.87,107.88,108.19,4270.99361829,271
2025-04-08 09:30:00,107.95,108.89,107.89,108.4,108.56,2183.11973133,174
2025-04-08 10:00:00,108.4,109.2,108.25,108.84,108.49,2684.36465277,212
2025-04-08 10:30:00,108.83,109.6,108.69,108.81,109.45,3163.76539348,235
2025-04-08 11:00:00,108.8,109.8,108.71,109.8,109.47,3203.89972047,230
2025-04-08 11:30:00,109.84,111.74,109.83,111.55,111.37,6323.16513237,490
2025-04-08 12:00:00,111.65,111.84,110.31,110.5,111.1,7213.38223624,520
2025-04-08 12:30:00,110.6,110.65,109.49,109.97,109.85,12675.20295771,552
2025-04-08 13:00:00,109.97,111.66,109.85,111.5,110.49,7824.73532115,423
2025-04-08 13:30:00,111.64,112.08,109.55,110.24,110.74,12859.4926525,591
2025-04-08 14:00:00,110.1,111.13,109.45,109.5,110.75,9872.28265162,392
2025-04-08 14:30:00,109.45,109.74,107.61,107.85,108.88,6973.41160296,657
2025-04-08 15:00:00,107.85,108.46,107.26,107.26,107.81,12719.04125334,632
2025-04-08 15:30:00,107.25,107.91,106.67,107.11,107.14,4278.44305973,441
2025-04-08 16:00:00,107.16,107.16,105.49,106.1,106.19,10220.80406349,734
2025-04-08 16:30:00,106.13,106.23,103.64,104.22,104.52,22798.09588199,1066
2025-04-08 17:00:00,104.23,104.66,102.88,103.96,103.42,20420.03802235,774
2025-04-08 17:30:00,103.96,105.71,103.54,105.11,104.5,15171.18872118,639
2025-04-08 18:00:00,105.1,106.31,104.52,105.71,105.34,8052.47437772,492
2025-04-08 18:30:00,105.75,106.84,105.33,105.6,105.91,5249.24089982,518
2025-04-08 19:00:00,105.73,106.02,104.41,104.92,105.14,4215.07895618,398
2025-04-08 19:30:00,104.81,104.93,103.33,103.93,103.97,5437.76823561,495
2025-04-08 20:00:00,103.91,104.76,103.56,104.25,104.16,4567.45550273,343
2025-04-08 20:30:00,104.38,106.06,104.36,105.86,105.3,3653.04889478,422
2025-04-08 21:00:00,105.91,105.94,105.33,105.5,105.54,3425.37936571,223
2025-04-08 21:30:00,105.49,106.19,105.27,105.82,105.92,4227.51626926,289
2025-04-08 22:00:00,105.79,106.32,105.0,105.58,105.77,3130.72342949,289
2025-04-08 22:30:00,105.57,105.66,104.5,105.44,105.13,4224.56952425,297
2025-04-08 23:00:00,105.39,105.39,104.46,104.98,104.96,1509.07800885,200
2025-04-08 23:30:00,105.06,105.72,104.98,105.38,105.3,2501.80808814,228
2025-04-09 00:00:00,105.31,106.22,104.73,106.18,105.07,32010.28002519,478
2025-04-09 00:30:00,106.19,106.39,104.22,104.59,104.71,4056.70160995,312
2025-04-09 01:00:00,104.62,104.85,101.24,101.24,102.69,15545.29497464,965
2025-04-09 01:30:00,101.24,104.5,101.24,104.07,102.89,14810.13279457,783
2025-04-09 02:00:00,104.15,105.57,103.98,104.02,104.85,3005.48835447,331
2025-04-09 02:30:00,104.08,104.56,103.39,103.39,104.04,1269.97064989,179
2025-04-09 03:00:00,103.49,103.79,102.83,102.83,103.35,1108.79868608,193
2025-04-09 03:30:00,102.82,103.54,102.61,103.17,103.0,7073.75977999,584
2025-04-09 04:00:00,103.06,104.69,103.03,103.73,104.06,4452.31689554,254
2025-04-09 04:30:00,103.89,105.94,103.89,104.97,105.2,19387.37279971,535
2025-04-09 05:00:00,105.04,105.9,104.91,105.7,105.28,3801.17864187,252
2025-04-09 05:30:00,105.62,105.62,105.09,105.26,105.35,1591.40426347,170
2025-04-09 06:00:00,105.24,106.6,105.24,105.63,105.8,6805.05611742,355
2025-04-09 06:30:00,105.58,106.11,105.38,105.61,105.71,1116.04094697,118
2025-04-09 07:00:00,105.63,107.66,105.62,107.59,107.15,12870.49546923,504
2025-04-09 07:30:00,107.48,107.58,106.98,107.38,107.37,1524.72548659,192
2025-04-09 08:00:00,107.33,108.08,106.81,107.36,107.5,1782.69272158,190
2025-04-09 08:30:00,107.33,107.42,106.6,107.28,106.99,1297.40419826,126
2025-04-09 09:00:00,107.28,107.52,106.28,106.46,106.75,1677.40044513,163
2025-04-09 09:30:00,106.42,106.83,106.07,106.67,106.47,2158.59991208,161
2025-04-09 10:00:00,106.56,106.82,106.18,106.53,106.45,451.41102723,104
2025-04-09 10:30:00,106.71,107.19,105.96,106.78,106.24,1970.56605679,195
2025-04-09 11:00:00,106.77,106.77,104.21,104.78,104.9,4397.29621111,461
2025-04-09 11:30:00,104.8,104.8,102.73,103.34,103.29,6919.14715575,475
2025-04-09 12:00:00,103.36,104.22,102.94,103.0,103.56,4263.74098051,292
2025-04-09 12:30:00,102.94,104.82,102.32,104.36,103.42,7540.36593061,580
2025-04-09 13:00:00,104.41,104.93,103.96,104.03,104.37,2223.62774384,255
2025-04-09 13:30:00,104.12,106.88,104.12,106.05,105.74,18006.02552551,762
2025-04-09 14:00:00,105.95,107.01,105.53,106.53,106.32,6000.31065455,303
2025-04-09 14:30:00,106.47,107.31,105.77,105.77,106.42,7730.5438848,422
2025-04-09 15:00:00,105.86,106.96,105.81,106.63,106.56,10269.3864484,329
2025-04-09 15:30:00,106.56,106.94,106.15,106.39,106.51,7564.3120372,251
2025-04-09 16:00:00,106.45,107.18,106.25,106.76,106.88,4869.59550624,261
2025-04-09 16:30:00,106.61,108.24,106.61,108.17,107.51,8445.75702171,459
2025-04-09 17:00:00,108.17,115.0,107.29,114.43,112.39,30550.73429418,1856
2025-04-09 17:30:00,114.46,119.67,114.13,119.31,116.82,87777.91141268,1982
2025-04-09 18:00:00,119.51,120.65,117.57,119.8,119.18,24648.828405,1006
2025-04-09 18:30:00,119.8,120.23,117.57,117.6,118.8,34364.40004126,1173
2025-04-09 19:00:00,117.65,119.55,117.57,119.1,118.51,20512.14691648,808
2025-04-09 19:30:00,119.13,119.44,118.5,118.92,118.84,6683.18530846,383
2025-04-09 20:00:00,118.99,119.4,118.61,118.75,118.98,3249.5676241,325
2025-04-09 20:30:00,118.75,120.1,118.64,120.09,119.06,6870.93271791,532
2025-04-09 21:00:00,120.1,120.43,118.82,119.2,119.53,11245.64522008,489
2025-04-09 21:30:00,119.16,119.49,118.08,119.44,118.76,3326.62139395,342
2025-04-09 22:00:00,119.55,120.14,119.26,120.06,119.77,4149.76894536,404
2025-04-09 22:30:00,120.15,120.28,119.0,119.19,119.25,7553.96998833,424
2025-04-09 23:00:00,119.22,119.43,118.45,118.76,118.85,2306.76080029,234
2025-04-09 23:30:00,118.78,119.28,118.72,119.05,118.8,4788.81272697,264
2025-04-10 00:00:00,119.02,119.2,118.22,118.22,118.71,1451.49767614,161
2025-04-10 00:30:00,118.22,118.24,116.78,117.49,117.23,7610.32410817,496
2025-04-10 01:00:00,117.53,117.91,116.91,117.02,117.16,5882.79648948,194
2025-04-10 01:30:00,117.02,117.31,116.62,116.97,117.07,1175.04794069,161
2025-04-10 02:00:00,117.0,117.53,116.74,117.31,117.34,4851.45580023,201
2025-04-10 02:30:00,117.31,117.38,116.83,116.9,116.97,4035.00665862,212
2025-04-10 03:00:00,116.9,116.9,114.58,114.83,116.12,7519.51147747,475
2025-04-10 03:30:00,115.03,115.64,114.45,115.44,115.21,2208.89117895,230
2025-04-10 04:00:00,115.47,115.84,115.14,115.16,115.55,4707.41300745,189
2025-04-10 04:30:00,115.13,115.65,114.76,115.65,115.09,2240.2586802,123
2025-04-10 05:00:00,115.65,116.3,115.4,116.3,115.85,4497.55239638,163
2025-04-10 05:30:00,116.31,116.45,115.84,116.06,115.99,5983.55860865,293
2025-04-10 06:00:00,116.15,116.89,116.11,116.77,116.66,1530.89693741,156
2025-04-10 06:30:00,116.77,116.82,115.93,116.1,116.23,849.99126441,107
2025-04-10 07:00:00,116.1,116.54,115.67,115.68,116.07,561.48645496,124
2025-04-10 07:30:00,115.63,115.63,114.05,114.74,114.48,5912.46447392,395
2025-04-10 08:00:00,114.77,115.12,114.35,114.81,114.82,384.42121659,107
2025-04-10 08:30:00,114.81,114.81,114.12,114.54,114.52,908.8748865,118
2025-04-10 09:00:00,114.55,115.14,114.26,114.68,114.83,1040.80314733,150
2025-04-10 09:30:00,114.75,114.99,114.37,114.85,114.71,773.12230815,107
2025-04-10 10:00:00,114.84,114.84,113.74,114.03,114.07,2420.47564782,217
2025-04-10 10:30:00,114.04,114.39,113.97,114.39,114.16,6458.28734706,430
2025-04-10 11:00:00,114.37,114.46,113.36,113.55,114.03,3598.70538676,295
2025-04-10 11:30:00,113.52,114.1,113.52,113.95,113.89,3094.07861302,193
2025-04-10 12:00:00,113.9,115.26,113.25,114.86,114.15,4277.61202987,380
2025-04-10 12:30:00,114.93,115.68,112.84,113.44,113.93,5850.70783085,370
2025-04-10 13:00:00,113.34,113.73,112.35,113.32,113.01,3352.25622157,337
2025-04-10 13:30:00,113.25,113.55,111.88,112.68,112.63,11900.20668861,575
2025-04-10 14:00:00,112.89,113.79,112.43,113.48,113.17,5857.16046555,500
2025-04-10 14:30:00,113.5,114.41,112.83,112.83,113.62,2392.66059725,225
2025-04-10 15:00:00,112.91,113.0,111.11,111.17,111.98,7254.269614,480
2025-04-10 15:30:00,111.19,111.27,109.33,109.57,110.03,17113.39398073,1199
2025-04-10 16:00:00,109.57,110.16,108.5,109.0,109.07,39247.77432438,1027
2025-04-10 16:30:00,108.99,109.75,108.8,109.32,109.39,7106.45977964,413
2025-04-10 17:00:00,109.34,109.93,108.29,109.36,108.87,9456.34721684,364
2025-04-10 17:30:00,109.45,110.5,109.31,110.4,109.75,9593.88871942,512
2025-04-10 18:00:00,110.4,111.17,110.06,111.01,110.42,3378.37137424,305
2025-04-10 18:30:00,110.9,111.35,110.7,111.35,110.84,2093.62902078,220
2025-04-10 19:00:00,111.3,111.6,110.73,110.73,111.04,5126.46673191,307
2025-04-10 19:30:00,110.77,111.79,110.77,111.27,111.28,2149.83661885,274
2025-04-10 20:00:00,111.28,111.9,111.26,111.7,111.73,20317.06818462,1906
2025-04-10 20:30:00,111.7,112.82,111.7,112.73,112.3,6831.42701229,420
2025-04-10 21:00:00,112.8,112.81,111.86,112.24,112.43,11174.75291142,917
2025-04-10 21:30:00,112.22,112.54,112.07,112.25,112.34,757.74366267,142
2025-04-10 22:00:00,112.25,113.24,112.11,112.91,112.87,4048.26488971,450
2025-04-10 22:30:00,112.92,113.3,112.67,112.67,112.91,10576.48199375,297
2025-04-10 23:00:00,112.67,112.99,112.34,112.46,112.67,1703.02191378,131
2025-04-10 23:30:00,112.38,113.0,112.38,112.79,112.58,1573.10237551,140
2025-04-11 00:00:00,112.77,113.37,112.51,113.02,112.92,5777.31810955,196
2025-04-11 00:30:00,112.93,113.12,112.14,112.19,112.8,976.3171415,179
2025-04-11 01:00:00,112.19,113.06,112.17,113.03,112.68,752.08159444,150
2025-04-11 01:30:00,113.03,114.1,112.94,114.1,113.43,4483.83348174,342
2025-04-11 02:00:00,114.1,115.21,113.64,115.08,114.58,3026.17951464,317
2025-04-11 02:30:00,115.26,115.39,114.18,114.33,114.64,933.65353173,186
2025-04-11 03:00:00,114.34,115.44,114.34,115.36,115.07,1252.09414049,230
2025-04-11 03:30:00,115.34,115.68,115.19,115.33,115.31,2638.953293,248
2025-04-11 04:00:00,115.34,116.16,115.22,115.67,115.76,4390.72970328,359
2025-04-11 04:30:00,115.62,115.62,115.1,115.42,115.37,3001.13117416,245
2025-04-11 05:00:00,115.44,115.49,114.94,115.46,115.21,5251.06007115,308
2025-04-11 05:30:00,115.46,116.06,115.28,116.01,115.68,2942.42224375,276
2025-04-11 06:00:00,116.04,117.2,116.03,116.91,116.78,9585.43515381,641
2025-04-11 06:30:00,116.89,117.62,116.75,116.88,116.95,1133.11220242,237
2025-04-11 07:00:00,116.84,116.96,116.19,116.19,116.41,1678.71929895,150
2025-04-11 07:30:00,116.19,116.87,116.19,116.42,116.38,625.38255327,125
2025-04-11 08:00:00,116.54,117.85,115.9,116.52,116.71,1670.87706378,248
2025-04-11 08:30:00,116.55,117.5,116.45,117.5,117.01,1663.61240738,186
2025-04-11 09:00:00,117.51,117.63,116.92,117.63,117.2,1056.80052158,133
2025-04-11 09:30:00,117.62,118.43,117.51,118.13,117.89,2055.41948833,288
2025-04-11 10:00:00,118.14,118.65,117.61,118.41,118.19,1839.33101026,322
2025-04-11 10:30:00,118.4,118.99,118.11,118.56,118.44,3342.76854922,285
2025-04-11 11:00:00,118.59,119.26,118.03,118.04,118.79,5881.48631329,605
2025-04-11 11:30:00,118.08,118.27,117.7,117.86,118.09,4055.44986677,303
2025-04-11 12:00:00,117.9,118.41,117.83,118.25,118.02,4426.50036089,283
2025-04-11 12:30:00,118.28,118.89,117.53,117.7,118.39,5274.18540261,315
2025-04-11 13:00:00,117.8,119.28,117.61,118.96,118.35,2896.97195824,327
2025-04-11 13:30:00,119.02,121.37,118.44,120.5,120.19,42316.63749592,1155
2025-04-11 14:00:00,120.53,120.86,118.52,118.88,119.88,12945.2260506,718
2025-04-11 14:30:00,118.9,120.17,118.86,119.6,119.43,4949.0203313,294
2025-04-11 15:00:00,119.64,120.05,118.6,119.03,119.13,10696.0886771,554
2025-04-11 15:30:00,119.04,120.2,119.04,119.91,119.79,2417.13277759,329
2025-04-11 16:00:00,119.89,119.89,118.68,118.99,119.18,3188.14193218,277
2025-04-11 16:30:00,119.0,120.5,119.0,119.89,120.22,10617.26668651,590
2025-04-11 17:00:00,119.9,120.71,119.77,119.87,120.16,3229.39485828,342
2025-04-11 17:30:00,119.93,121.89,119.86,121.4,121.48,22142.82811015,1053
2025-04-11 18:00:00,121.44,121.76,120.36,121.28,121.34,6266.93971175,567
2025-04-11 18:30:00,121.29,121.29,119.86,119.91,120.7,4327.08614264,465
2025-04-11 19:00:00,119.91,120.87,119.88,120.6,120.36,2514.02589135,219
2025-04-11 19:30:00,120.59,120.84,120.39,120.82,120.56,1536.40386682,183
2025-04-11 20:00:00,120.86,121.58,120.58,121.58,120.84,3571.68870344,316
2025-04-11 20:30:00,121.57,121.92,121.25,121.61,121.59,2860.89423898,207
2025-04-11 21:00:00,121.59,122.52,121.59,121.91,122.28,3912.09178121,446
2025-04-11 21:30:00,121.9,121.9,120.93,121.1,121.22,2362.55426388,304
2025-04-11 22:00:00,121.1,121.32,120.69,121.32,120.98,6856.36496502,305
2025-04-11 22:30:00,121.31,121.35,120.9,121.13,121.04,2851.1995256,216
2025-04-11 23:00:00,121.14,121.14,119.95,120.02,120.25,5536.51378659,320
2025-04-11 23:30:00,120.02,121.82,120.01,121.39,121.24,6177.67114776,309
2025-04-12 00:00:00,121.36,122.17,120.84,121.45,121.25,3502.46170644,256
2025-04-12 00:30:00,121.45,121.98,121.08,121.14,121.72,3114.77165385,261
2025-04-12 01:00:00,121.15,121.75,120.69,120.83,121.15,5757.42043808,200
2025-04-12 01:30:00,120.84,121.24,120.81,121.12,121.01,667.62174942,116
2025-04-12 02:00:00,121.11,121.44,120.69,120.95,120.81,2670.46467577,158
2025-04-12 02:30:00,120.95,120.95,119.4,119.63,120.02,2860.97230111,282
2025-04-12 03:00:00,119.61,120.27,119.57,120.01,120.01,706.32351219,132
2025-04-12 03:30:00,119.97,120.4,119.8,120.16,120.18,3394.56098666,117
2025-04-12 04:00:00,120.16,120.96,119.76,120.88,120.14,4265.57102668,127
2025-04-12 04:30:00,120.98,123.78,120.98,122.61,122.13,2282.1852767,561
2025-04-12 05:00:00,122.67,122.81,122.09,122.35,122.55,1646.94111777,159
2025-04-12 05:30:00,122.35,122.73,122.22,122.36,122.35,940.55279152,93
2025-04-12 06:00:00,122.37,123.19,122.33,122.95,122.83,1219.05400928,104
2025-04-12 06:30:00,122.97,123.5,122.87,122.87,123.22,295.17927746,121
2025-04-12 07:00:00,122.85,123.27,122.76,123.27,123.1,359.93855299,87
2025-04-12 07:30:00,123.27,124.49,123.27,124.21,124.23,6218.28424351,412
2025-04-12 08:00:00,124.21,125.41,124.12,124.49,125.08,13823.56200137,515
2025-04-12 08:30:00,124.55,124.93,124.06,124.3,124.55,3759.15349171,224
2025-04-12 09:00:00,124.31,124.72,124.07,124.4,124.42,3916.72167431,149
2025-04-12 09:30:00,124.49,124.83,124.34,124.55,124.59,1698.34647061,186
2025-04-12 10:00:00,124.62,124.82,124.39,124.71,124.65,527.14423982,91
2025-04-12 10:30:00,124.73,124.85,124.07,124.38,124.35,740.3810014,103
2025-04-12 11:00:00,124.37,125.25,124.37,125.16,124.89,1635.34966898,144
2025-04-12 11:30:00,125.15,125.15,124.45,124.61,124.68,1094.93509998,127
2025-04-12 12:00:00,124.62,125.28,124.4,125.26,124.83,2334.93420191,191
2025-04-12 12:30:00,125.24,126.59,125.03,126.34,125.6,7699.5358074,578
2025-04-12 13:00:00,126.34,127.36,126.1,127.11,126.66,14984.73464466,860
2025-04-12 13:30:00,127.08,128.91,126.55,128.6,127.9,11899.83715178,888
2025-04-12 14:00:00,128.6,130.34,128.21,129.84,129.1,9851.559108,858
2025-04-12 14:30:00,129.88,131.5,129.81,130.71,130.62,17741.73700978,1100
2025-04-12 15:00:00,130.74,131.67,129.75,131.08,130.93,25236.38517371,839
2025-04-12 15:30:00,131.06,131.47,130.4,130.45,131.05,6226.85417424,446
2025-04-12 16:00:00,130.46,131.36,130.0,131.02,130.65,5488.55344802,324
2025-04-12 16:30:00,131.03,131.04,129.21,129.67,130.28,12120.46400527,597
2025-04-12 17:00:00,129.65,129.67,128.26,128.56,129.02,7458.69946338,440
2025-04-12 17:30:00,128.6,129.75,128.6,129.01,129.19,2163.63576691,226
2025-04-12 18:00:00,128.98,130.19,128.98,130.18,129.64,2685.10331814,213
2025-04-12 18:30:00,130.2,131.0,129.87,130.91,130.4,2062.59071659,295
2025-04-12 19:00:00,131.0,131.45,130.37,130.51,131.05,4398.4920973,398
2025-04-12 19:30:00,130.45,130.92,129.81,130.7,130.53,7264.75450319,557
2025-04-12 20:00:00,130.75,131.38,130.68,131.32,131.11,5326.68882357,458
2025-04-12 20:30:00,131.38,134.0,131.38,132.81,132.62,22926.16230885,1136
2025-04-12 21:00:00,132.74,132.76,131.07,131.9,131.95,6992.18400745,536
2025-04-12 21:30:00,132.23,133.02,131.99,132.78,132.53,2371.14071225,266
2025-04-12 22:00:00,132.75,133.87,132.5,132.98,133.0,6452.33773812,434
2025-04-12 22:30:00,132.88,133.12,132.0,132.05,132.81,10549.43743323,336
2025-04-12 23:00:00,132.08,132.46,131.72,132.03,132.04,4368.8200951,390
2025-04-12 23:30:00,132.04,132.68,131.88,132.28,132.27,8154.21481856,395
2025-04-13 00:00:00,132.22,133.18,131.96,132.03,132.42,2958.7469624,173
2025-04-13 00:30:00,132.05,133.71,131.66,133.13,132.98,4384.24292894,436
2025-04-13 01:00:00,133.04,133.49,132.5,133.18,133.1,1948.13017558,224
2025-04-13 01:30:00,133.25,133.83,131.12,131.36,131.91,4170.93119261,394
2025-04-13 02:00:00,131.36,131.78,131.0,131.32,131.14,4006.79065381,281
2025-04-13 02:30:00,131.39,133.16,131.39,132.93,132.46,2636.50842072,307
2025-04-13 03:00:00,132.88,133.15,131.96,131.97,132.52,2356.60629608,217
2025-04-13 03:30:00,131.99,132.9,131.63,131.84,131.98,985.1160523,163
2025-04-13 04:00:00,131.84,131.94,131.14,131.84,131.38,1977.92207555,140
2025-04-13 04:30:00,131.84,131.93,129.91,130.04,130.32,20088.78007271,477
2025-04-13 05:00:00,130.17,130.55,129.55,130.14,130.15,5254.51348396,257
2025-04-13 05:30:00,130.26,130.5,129.65,129.92,130.05,278.39997857,73
2025-04-13 06:00:00,129.9,130.07,129.32,129.57,129.66,908.70757518,160
2025-04-13 06:30:00,129.55,129.85,128.86,128.99,129.44,3982.54549063,226
2025-04-13 07:00:00,128.95,129.68,128.74,128.8,129.09,772.41033322,102
2025-04-13 07:30:00,128.71,128.8,128.22,128.53,128.47,2003.0743595,296
2025-04-13 08:00:00,128.51,129.29,128.18,129.27,128.31,2684.32875363,157
2025-04-13 08:30:00,129.27,129.96,129.05,129.96,129.72,3091.7535497,164
2025-04-13 09:00:00,129.96,130.6,129.5,130.51,130.01,5518.69679863,360
2025-04-13 09:30:00,130.49,131.51,130.1,131.51,130.46,2436.39789205,291
2025-04-13 10:00:00,131.48,131.48,130.5,130.5,131.07,2369.7287012,222
2025-04-13 10:30:00,130.5,130.98,130.21,130.77,130.64,947.75442568,99
2025-04-13 11:00:00,130.81,130.81,128.91,129.54,129.85,3779.96670203,291
2025-04-13 11:30:00,129.53,129.76,128.88,129.76,129.14,5218.07516501,196
2025-04-13 12:00:00,129.76,130.29,129.4,129.4,129.88,1937.339451,230
2025-04-13 12:30:00,129.46,129.82,129.21,129.52,129.64,659.36537188,79
2025-04-13 13:00:00,129.7,130.08,128.61,128.67,129.22,4909.48769819,277
2025-04-13 13:30:00,128.74,129.2,126.73,127.56,127.34,7998.42880596,758
2025-04-13 14:00:00,127.58,128.45,127.34,128.02,127.88,5022.40562631,416
2025-04-13 14:30:00,128.02,129.09,127.91,128.57,128.68,2233.52639048,236
2025-04-13 15:00:00,128.55,128.68,127.61,128.53,128.14,2310.10073655,203
2025-04-13 15:30:00,128.52,128.87,128.14,128.74,128.47,2731.77213184,244
2025-04-13 16:00:00,128.66,129.87,128.62,129.77,129.45,7496.99682065,435
2025-04-13 16:30:00,129.84,129.84,129.24,129.56,129.46,1430.41779413,136
2025-04-13 17:00:00,129.59,132.44,129.5,131.09,131.25,5791.91847706,655
2025-04-13 17:30:00,131.12,132.07,130.71,131.67,131.7,6006.18917836,322
2025-04-13 18:00:00,131.63,132.25,131.15,131.66,131.53,3930.30380877,384
2025-04-13 18:30:00,131.62,132.15,131.36,131.36,131.84,1757.12094212,200
2025-04-13 19:00:00,131.37,131.46,130.12,130.34,130.47,3051.54309967,380
2025-04-13 19:30:00,130.35,130.66,127.15,128.12,128.08,29059.84529663,990
2025-04-13 20:00:00,128.12,129.69,127.41,128.78,128.77,5832.04269928,398
2025-04-13 20:30:00,128.78,128.78,126.1,126.71,126.77,38366.24899499,1129
2025-04-13 21:00:00,126.71,127.02,125.34,126.81,126.07,6860.04854367,530
2025-04-13 21:30:00,126.81,127.44,125.59,127.33,126.88,7568.05474214,592
2025-04-13 22:00:00,127.33,127.69,126.78,127.67,127.27,5489.74158123,324
2025-04-13 22:30:00,127.61,127.75,126.91,127.13,127.25,2409.8740803,247
2025-04-13 23:00:00,126.98,128.14,126.79,128.02,127.62,889.57719447,218
2025-04-13 23:30:00,128.02,129.0,127.25,128.26,128.61,6301.76304488,422
2025-04-14 00:00:00,128.32,131.54,127.94,131.11,130.52,17766.99909004,760
2025-04-14 00:30:00,131.05,131.26,130.03,130.26,130.9,6352.76536268,442
2025-04-14 01:00:00,130.31,131.6,130.31,130.97,131.1,4482.26762979,367
2025-04-14 01:30:00,131.01,131.36,129.9,130.51,130.39,3251.6889462,252
2025-04-14 02:00:00,130.51,133.53,130.18,133.53,131.29,16156.1031155,917
2025-04-14 02:30:00,133.53,136.11,133.48,133.48,134.84,18495.30976906,1613
2025-04-14 03:00:00,133.44,133.53,132.28,132.52,132.87,4628.60561693,432
2025-04-14 03:30:00,132.66,132.84,131.25,131.71,132.06,1692.14840269,264
2025-04-14 04:00:00,131.71,133.28,131.71,133.17,132.32,2158.37644371,264
2025-04-14 04:30:00,133.17,134.26,132.9,133.59,133.88,3763.7109977,419
2025-04-14 05:00:00,133.62,134.19,133.39,133.77,133.73,3187.56739061,329
2025-04-14 05:30:00,133.91,133.91,132.26,132.89,133.0,3390.33858906,348
2025-04-14 06:00:00,132.91,132.92,131.8,132.0,132.51,4037.86911579,346
2025-04-14 06:30:00,131.98,132.65,131.85,132.23,132.43,1121.1316601,153
2025-04-14 07:00:00,132.13,132.75,131.21,131.96,131.93,2295.41021594,291
2025-04-14 07:30:00,132.0,132.25,131.56,132.25,131.94,881.16121047,146
2025-04-14 08:00:00,132.28,133.02,131.91,132.73,132.62,2825.57169943,306
2025-04-14 08:30:00,132.64,133.68,132.63,132.99,133.22,780.93439147,154
2025-04-14 09:00:00,133.09,133.91,132.71,132.72,133.51,1929.70850433,185
2025-04-14 09:30:00,132.76,132.95,131.5,132.01,131.85,4081.52540527,229
2025-04-14 10:00:00,131.97,133.43,131.93,133.42,132.63,2265.56519744,210
2025-04-14 10:30:00,133.42,134.02,132.93,133.71,133.81,3819.5845876,286
2025-04-14 11:00:00,133.65,133.85,132.66,132.82,133.06,2687.50297341,166
2025-04-14 11:30:00,132.99,133.64,132.97,133.5,133.32,1723.15988303,116
2025-04-14 12:00:00,133.5,133.77,132.51,133.31,133.06,5144.09145433,460
2025-04-14 12:30:00,133.21,134.2,133.16,133.91,133.65,2073.84084799,333
2025-04-14 13:00:00,133.97,134.66,133.33,133.52,134.3,23276.61194572,1582
2025-04-14 13:30:00,133.59,133.76,131.3,131.61,132.21,12764.84303963,792
2025-04-14 14:00:00,131.65,132.41,131.29,132.41,131.69,13591.87169816,949
2025-04-14 14:30:00,132.42,134.62,132.23,134.28,133.53,9692.69333389,653
