timestamp,open,high,low,close,volume,vwap,count
2024-04-14 06:00:00,98.53484654107386,99.21639997206864,98.12849830426238,98.58678500357121,2.4777969199545464,98.64389442663408,0
2024-04-15 06:00:00,98.69725496879603,102.077582003258,98.18928813576163,100.98883859669557,1.0721401853858803,100.41856957857173,0
2024-04-16 06:00:00,98.44438275177134,101.21932117179993,98.44438275177134,101.06541374235344,1.1047572293383072,100.24303922197491,0
2024-04-17 06:00:00,100.32069166085324,102.35698901180479,98.9050979269436,101.30365948044397,1.7126256101050457,100.85524880639746,0
2024-04-18 06:00:00,102.82788416824211,103.20291775574596,102.29219742310619,102.88134597051857,0.6087392981334651,102.7921537164569,0
2024-04-19 06:00:00,104.28091081486721,105.01619292278855,102.79688936045204,104.33542946191844,1.3466808088306819,104.049503915053,0
2024-04-20 06:00:00,106.32158091204509,108.95667067953565,106.32158091204509,107.85155325769254,1.6373921224975188,107.70993494975777,0
2024-04-21 06:00:00,105.90172344050256,106.04132507957836,103.85084158510095,105.07595819537713,0.9246918724024316,104.98937495335214,0
2024-04-22 06:00:00,107.09051252788915,107.76648657915455,106.69912477817864,107.03359486728966,0.11837157669600192,107.16640207487428,0
2024-04-23 06:00:00,104.39777193897358,107.06737091759452,102.57916228879203,105.09265195510332,0.9486350548662444,104.91306172049663,0
2024-04-24 06:00:00,106.1580596600523,107.15327001255481,105.53418311316412,105.98564644390676,0.5381814476583711,106.22436652320857,0
2024-04-25 06:00:00,110.48747471734026,110.57189596375466,108.47085995178273,109.92151711826415,0.19636519686180653,109.65475767793384,0
2024-04-26 06:00:00,114.64881197237098,115.74652037180425,114.59236359605755,115.43008363170334,2.5534374438722818,115.25632253318838,0
2024-04-27 06:00:00,114.71197213334027,115.50961957416732,114.68803416872403,115.20252589240253,2.964889092919041,115.13339321176464,0
2024-04-28 06:00:00,119.47199370856636,122.45768983597173,118.14940682617993,120.60425628941671,0.7637456514582739,120.40378431718945,0
2024-04-29 06:00:00,116.75242349977711,120.27391508864935,115.99498525568099,117.43109530624,2.1789689738445936,117.89999855019012,0
2024-04-30 06:00:00,118.0021842647287,119.2986556330067,116.95926257921047,117.44161050748042,3.536813495572981,117.89984290656587,0
2024-05-01 06:00:00,120.50341328683872,121.34643736643675,118.77238572148843,121.27779347367138,0.31555812549450585,120.46553885386554,0
2024-05-02 06:00:00,121.19302443204602,126.31967270842878,119.88243451101133,120.69881127235764,3.3068144581412153,122.30030616393259,0
2024-05-03 06:00:00,127.07469953685157,127.43736194073945,126.9306602768832,127.14052349783279,1.0619665891058088,127.16951523848513,0
2024-05-04 06:00:00,129.43718396044503,130.75406281603418,129.43718396044503,129.97862997065417,2.9894524191101874,130.0566255823778,0
2024-05-05 06:00:00,135.94201373648534,136.1420802820512,135.68202215352835,136.1171683193746,0.3991295983020096,135.98042358498472,0
2024-05-06 06:00:00,140.1056255737815,140.1056255737815,138.0416350737027,138.5570222020107,4.52723359536702,138.9014276164983,0
2024-05-07 06:00:00,143.5234788940538,148.19030544343383,143.5234788940538,147.78606251325036,2.6087189362651984,146.499948950246,0
2024-05-08 06:00:00,150.44001440615625,151.92131260129167,150.24415257934848,151.2266282915494,1.3669719343550952,151.13069782406316,0
2024-05-09 06:00:00,144.35876369700773,148.59906992746113,144.35876369700773,147.98268879170243,1.0987756788596772,146.98017413872378,0
2024-05-10 06:00:00,155.90934711910143,159.62427840191876,155.90934711910143,157.6679689866683,0.06211820492384758,157.73386483589618,0
2024-05-11 06:00:00,163.2329052684374,167.69418712942144,161.014986125809,163.3346213610994,1.2153757421213418,164.01459820544326,0
2024-05-12 06:00:00,168.15552750046777,170.40970013586025,167.12393581589592,169.12499974200048,5.955974439926664,168.88621189791888,0
2024-05-13 06:00:00,180.72550717654482,180.72550717654482,174.9542258542976,178.5143617206286,1.7010822871707028,178.06469825049032,0
2024-05-14 06:00:00,171.15137971710445,174.7775246868177,170.19553309655421,173.74472951319692,3.9478788040170563,172.9059290988563,0
2024-05-15 06:00:00,180.98481081229733,183.18480830437662,180.46201516271103,181.39298727663763,0.5017290688197998,181.6799369145751,0
2024-05-16 06:00:00,179.26372670624758,186.43431320981995,179.26372670624758,183.00168433790913,0.8141485519633309,182.8999080846589,0
2024-05-17 06:00:00,191.09140384559677,192.39571641906412,189.3655425005105,191.87437047558916,1.556675585977762,191.2118764650546,0
2024-05-18 06:00:00,191.56065477580273,192.49570964489507,191.56065477580273,192.47395691928216,2.8420238625428653,192.17677377999334,0
2024-05-19 06:00:00,196.87420854809773,198.45730848536456,193.01826005442445,198.36488412982425,1.8085595859794519,196.61348422320444,0
2024-05-20 06:00:00,198.84719252090005,198.84719252090005,189.72908972261882,198.05937175806542,1.1896880425351681,195.54521800052808,0
2024-05-21 06:00:00,199.4121125437857,202.75616426416383,197.70165845901187,201.7562854350025,0.43614303212464506,200.73803605272607,0
2024-05-22 06:00:00,218.58960578563583,219.39513222724742,215.55684650191742,217.1406967534224,1.7772992971351664,217.3642251608624,0
2024-05-23 06:00:00,211.67577240908315,215.96905126915914,208.8831052649239,211.46852334983544,1.0314811565126698,212.1068932946395,0
2024-05-24 06:00:00,223.20391232340342,223.20391232340342,222.10755415724333,222.12973252736157,2.4129972173503127,222.4803996693361,0
2024-05-25 06:00:00,217.45027739364994,219.7258107176184,216.48916916902036,219.47495053650994,1.7127048013978476,218.56331014104956,0
2024-05-26 06:00:00,228.80694100399083,231.53580924414325,227.74009343803954,228.35203773518248,1.0282198388310992,229.20931347245508,0
2024-05-27 06:00:00,241.34004279502298,241.34004279502298,238.85409303534638,239.19231866717521,3.193896851916796,239.79548483251486,0
2024-05-28 06:00:00,236.67076045861535,242.9645276127364,234.08229865420682,242.92750016323845,2.024667023356471,239.9914421433939,0
2024-05-29 06:00:00,252.1103346689386,252.1103346689386,248.45485957740996,249.32871174951498,5.556746358499526,249.96463533195455,0
2024-05-30 06:00:00,258.6747295139525,264.4195161645469,258.01792058148095,261.16523839450696,0.395296346136408,261.20089171351157,0
2024-05-31 06:00:00,268.39372945596085,273.01976372119174,264.0061598410034,267.1465047788069,2.676484554149561,268.0574761136674,0
2024-06-01 06:00:00,282.1679875045787,282.1679875045787,276.83863311709536,280.4232669606895,3.2423682140910044,279.8099625274545,0
2024-06-02 06:00:00,281.37742333883745,281.37742333883745,279.98052194104145,280.52629850984,1.5666113786503513,280.6280812632396,0
2024-06-03 06:00:00,294.2867932723193,297.3540529862872,293.16381925706276,294.84609862046005,2.112606664881244,295.12132362127,0
2024-06-04 06:00:00,298.198472782236,305.9915745622092,298.198472782236,302.6109065545573,1.8927734748116312,302.26698463300085,0
2024-06-05 06:00:00,309.8054810039153,319.85882617037987,308.35860632100616,315.2494337152243,3.1436566285980034,314.48895540220343,0
2024-06-06 06:00:00,335.46274826183384,346.46055289427125,330.21166530674486,332.5098597219228,1.1488440976442387,336.39402597431297,0
2024-06-07 06:00:00,334.75928300593176,344.80381835803666,334.09735814703345,336.492293237113,1.5186711658219707,338.46448991406106,0
2024-06-08 06:00:00,381.6380261682486,381.6380261682486,369.42055892193576,374.52306771635483,2.920777327936283,375.19388426884643,0
2024-06-09 06:00:00,387.00035208844406,389.338148852605,385.36210574279295,385.43313660047727,0.8632724870679486,386.7111303986251,0
2024-06-10 06:00:00,410.58315219419444,411.85942645290845,407.66502495526794,410.6835455937468,0.9592921320361857,410.06933233397444,0
2024-06-11 06:00:00,432.35183624100245,435.61655344485274,416.7329010922105,431.33731795955833,1.0507121768113636,427.89559083220723,0
2024-06-12 06:00:00,459.9562471046513,469.63340478659904,459.9562471046513,465.080113354991,1.4695472523959472,464.8899217487471,0
2024-06-13 06:00:00,482.8044368054918,485.6638159803655,480.3125497952349,483.97866031859184,0.3436741524942555,483.3183420313974,0
2024-06-14 06:00:00,533.2421924327123,533.2421924327123,516.7412655284212,527.6238636651443,2.0810115934885793,525.8691072087591,0
2024-06-15 06:00:00,542.5893818375822,548.6564079982659,536.2676577080986,546.88588633326,1.28800798003743,543.9366506798748,0
2024-06-16 06:00:00,552.1330412266493,556.1737367955386,552.1330412266493,554.1525797796426,0.9620073189540912,554.1531192672768,0
2024-06-17 06:00:00,577.2985118164609,577.2985118164609,567.8597992652909,572.5383982608842,0.5694387046845865,572.5655697808787,0
2024-06-18 06:00:00,611.652988637845,618.2785832960996,601.7136953003098,613.2176649819094,7.06415448086878,611.069981192773,0
2024-06-19 06:00:00,698.3069102318897,698.3069102318897,690.6001573158434,693.2344134857863,2.4780323437314973,694.0471603445063,0
2024-06-20 06:00:00,760.8128610204433,763.4129979627031,757.9360830673255,760.2179168366958,2.3422473545123874,760.5223326222416,0
2024-06-21 06:00:00,800.1084789179108,813.8267498835536,789.3042036815139,808.6699943261493,1.359133482717182,803.9336492970723,0
2024-06-22 06:00:00,848.1334738136002,852.34745189548,835.4099629511337,847.8231127364048,3.2185358339469463,845.1935091943395,0
2024-06-23 06:00:00,839.1344842557231,861.2938987086703,839.1344842557231,847.3538380015774,5.638983036285509,849.2607403219903,0
2024-06-24 06:00:00,889.6469535186785,909.4937884499539,889.6469535186785,894.7129325633812,3.2534413900558814,897.9512248440045,0
2024-06-25 06:00:00,985.8621613102692,988.9291006285686,976.0526933183666,982.1160407749165,0.6220260267152657,982.3659449072838,0
2024-06-26 06:00:00,1053.7857323655892,1053.7857323655892,1024.5002525115885,1042.7179577603742,1.3693030087713554,1040.3346475458507,0
2024-06-27 06:00:00,1077.0738515649248,1080.3825391569665,1059.4327477903057,1069.0629765022104,2.532883488864478,1069.6260878164942,0
2024-06-28 06:00:00,1140.7741769014724,1140.7741769014724,1121.9756264758294,1123.6564578222585,2.045787044840696,1128.8020870665202,0
2024-06-29 06:00:00,1229.2531379311827,1230.054365015165,1197.9856486439367,1218.6129150066097,0.6944428200068741,1215.5509762219037,0
2024-06-30 06:00:00,1311.662387771466,1336.7226602630446,1303.686518269763,1313.104476304022,1.3683048216414113,1317.8378849456096,0
2024-07-01 06:00:00,1392.3766545914423,1392.3766545914423,1377.2395854230015,1386.2877934735689,3.3143254436895915,1385.3013444960043,0
2024-07-02 06:00:00,1432.493523681238,1475.7649348532696,1432.493523681238,1462.9049765229688,3.8162427299756696,1457.0544783524922,0
2024-07-03 06:00:00,1572.0410330221566,1612.2038224687865,1567.1470275623992,1571.2601936239816,1.9646398885710175,1583.5370145517225,0
2024-07-04 06:00:00,1744.4978195140225,1780.8284072816625,1723.6369627399692,1763.2248137736797,3.042113125140584,1755.8967279317706,0
2024-07-05 06:00:00,1856.81917844385,1895.5028996659794,1856.81917844385,1884.855017882751,1.0984718124770354,1879.059031997527,0
2024-07-06 06:00:00,2151.341076420841,2151.341076420841,2125.3330942772836,2129.318248572037,1.700280911603469,2135.3308064233875,0
2024-07-07 06:00:00,2362.962360995693,2423.4534258795666,2334.1314113567537,2361.6413768780963,2.4315314462057382,2373.0754047048054,0
2024-07-08 06:00:00,2527.7426229539583,2535.45860416809,2501.3490988826443,2524.065963598235,3.2551374760302365,2520.291222216323,0
2024-07-09 06:00:00,2782.6629571050903,2873.2586309021444,2782.6629571050903,2837.624436362975,1.6892565415821945,2831.1820081234036,0
2024-07-10 06:00:00,3100.722077069684,3176.5522170316613,3056.9173268921577,3083.2995318394537,1.4368589245686278,3105.5896919210904,0
2024-07-11 06:00:00,3468.527131337306,3468.527131337306,3403.6073598505404,3429.1530936020963,1.9123620754634052,3433.762528263314,0
2024-07-12 06:00:00,3593.4713187681195,3599.77441843723,3525.810153183401,3577.792459997225,1.547667878477928,3567.792343872619,0
2024-07-13 06:00:00,4096.972778226135,4096.972778226135,3871.2823938703727,4053.2433002306066,2.098041698832895,4007.166157442371,0
2024-07-14 06:00:00,4522.0355571509745,4591.696360727482,4492.596124108756,4521.04156461699,0.8887396729751172,4535.111349817743,0
2024-07-15 06:00:00,4811.300054657934,4878.710539649008,4777.241121030452,4825.800689386099,0.7298650246492304,4827.250783355186,0
2024-07-16 06:00:00,5101.521353516486,5158.322037259491,5101.521353516486,5151.149268184173,3.4066154089089657,5136.997552986716,0
2024-07-17 06:00:00,5547.292650610888,5547.292650610888,5464.957652368289,5523.757989279259,1.942957852842871,5512.002764086145,0
2024-07-18 06:00:00,6001.703048039176,6120.397659993766,5974.442007556482,6041.1842482069005,1.4389286496375926,6045.341305252383,0
2024-07-19 06:00:00,6899.586581709296,6899.586581709296,6613.5623651768565,6751.152999000826,2.6363036624019625,6754.7673152956595,0
2024-07-20 06:00:00,7170.374998208513,7345.912415480742,7170.374998208513,7238.5067249694075,3.626385782000968,7251.598046219554,0
2024-07-21 06:00:00,7959.093177564159,8080.932207255966,7759.472375110884,7986.375116678561,2.3567247057889187,7942.259899681804,0
2024-07-22 06:00:00,8420.065815386153,8577.589269660833,8398.982850516762,8513.32240017436,2.1901812966217817,8496.631506783984,0
2024-07-23 06:00:00,9630.275068598376,9860.254993623112,9544.190690283329,9648.52110999323,2.930646995023252,9684.322264633223,0
2024-07-24 06:00:00,10477.141436145126,10477.141436145126,10255.388414429723,10453.139880534443,0.5984982408447035,10395.223243703098,0
2024-07-25 06:00:00,11830.55284324442,11875.786444559048,11581.234825095593,11825.647138205308,1.4128435396212298,11760.88946928665,0
2024-07-26 06:00:00,13711.290937427133,13949.378153417538,13387.556966390504,13500.038030609705,1.2954787464453206,13612.324383472582,0
2024-07-27 06:00:00,14793.893506124297,14956.540607500368,14719.584746661914,14865.861297494226,0.45793691441607726,14847.328883885502,0
2024-07-28 06:00:00,15906.889797950229,16073.175190204724,15557.094027354067,15881.541957950438,1.920095630519358,15837.270391836408,0
2024-07-29 06:00:00,16791.610783727247,17004.91516923522,16791.610783727247,16898.90027980769,1.5855032564500156,16898.475410923387,0
2024-07-30 06:00:00,18477.255943294116,18951.58862269668,18455.967170892523,18768.504541697952,1.6309876053265004,18725.35344509572,0
2024-07-31 06:00:00,21711.489651171636,21866.38029527137,21275.167177120682,21685.67280834239,1.294031561787728,21609.07342691148,0
2024-08-01 06:00:00,24214.30657411067,24214.30657411067,23825.675294773082,24037.67981114094,1.5891584776609096,24025.8872266749,0
2024-08-02 06:00:00,26571.68745606093,26942.816721757576,26571.68745606093,26918.363101786555,0.9075836945477476,26810.955759868357,0
2024-08-03 06:00:00,30639.1541656972,31245.965891942724,30639.1541656972,30843.642810826295,2.962888271999113,30909.587622822073,0
2024-08-04 06:00:00,34467.51842461592,34559.30310298406,34338.26173219674,34393.6650508791,1.0494993287685646,34430.40996201996,0
2024-08-05 06:00:00,38232.43583368666,39743.28168449262,38232.43583368666,38534.569674419545,3.9707981311120664,38836.76239753294,0
2024-08-06 06:00:00,42068.63058068146,42254.43985191678,39974.48984295599,41237.47247533164,1.803874194702319,41155.46739006814,0
2024-08-07 06:00:00,46421.6445269792,46421.6445269792,46023.695917941746,46137.30690826816,0.19891993313498915,46194.21578439637,0
2024-08-08 06:00:00,52664.16662037524,52700.14745761844,50651.933829697555,52034.82642476127,2.6414493051775736,51795.63590402575,0
2024-08-09 06:00:00,59007.89921105853,59007.89921105853,57243.145506264606,57661.43457176494,2.315517148500853,57970.826429696026,0
2024-08-10 06:00:00,65830.67975751616,65830.67975751616,64444.43705183214,64707.13668209502,0.4724782925605726,64994.08449714777,0
2024-08-11 06:00:00,76555.5035937529,76555.5035937529,74652.90076512241,74718.45454898062,3.703717489885009,75308.95296928531,0
2024-08-12 06:00:00,88891.57783373988,92159.66513339654,88891.57783373988,89145.2810044828,1.2364095567810032,90065.50799053973,0
2024-08-13 06:00:00,101128.7248258189,101402.58004709888,99033.32233624038,99775.32130167121,2.339159747241742,100070.40789500349,0
2024-08-14 06:00:00,115468.16366121672,116314.47691612862,112149.39338407757,114142.53590193055,2.2054752789637644,114202.13540071224,0
2024-08-15 06:00:00,120831.21723704485,122813.31967401326,120521.52827032848,122442.23310706358,3.5729829977453686,121925.69368380176,0
2024-08-16 06:00:00,142418.9301936654,142600.1717674856,140863.62335865508,142565.5937939977,1.6049739869326611,142009.7963067128,0
2024-08-17 06:00:00,162946.97572437156,166570.2307947047,156865.55996963594,162794.1212551615,1.474102341888615,162076.63733983404,0
2024-08-18 06:00:00,181073.93466351336,186092.9887910024,181073.93466351336,184185.51984720316,5.416372280715519,183784.14776723963,0
2024-08-19 06:00:00,208956.9203050217,208956.9203050217,206119.01488596378,206911.62857963538,1.2790045601050912,207329.18792354027,0
2024-08-20 06:00:00,238504.85574350852,238504.85574350852,236172.95350791817,236368.42534215847,2.4431105430426205,237015.41153119504,0
2024-08-21 06:00:00,266198.4021689865,267431.42547854036,262913.9653484064,262968.06887438387,2.441517228265507,264437.81990044354,0
2024-08-22 06:00:00,300056.57223049505,301507.56868455827,293801.83086287545,296094.2345364963,0.4521612339248114,297134.5446946433,0
2024-08-23 06:00:00,338252.3950264505,351349.2129145666,336714.44216218917,342605.9991151576,0.756419204525496,343556.55139730446,0
2024-08-24 06:00:00,393893.5433448629,402875.8450618102,393893.5433448629,395360.8467175859,1.3877967301989684,397376.7450414197,0
2024-08-25 06:00:00,450830.45033900696,450830.45033900696,431834.5045020685,440315.0622191096,1.4198337459420483,440993.3390200617,0
2024-08-26 06:00:00,492924.70078282134,500841.21421716403,484871.099822492,493509.19025174587,0.9821621686740275,493073.83476380055,0
2024-08-27 06:00:00,575549.751693393,577850.7947611717,568933.9070375505,574415.9253664761,1.9881060429484296,573733.5423883995,0
2024-08-28 06:00:00,648141.5563625735,669899.956367102,638139.9745893836,662299.0336864606,0.39662989135219817,656779.654880982,0
2024-08-29 06:00:00,729814.7247091128,735615.642868788,713475.7229463832,726417.0894839637,0.6844268392900149,725169.4850997116,0
2024-08-30 06:00:00,851446.1071814263,864010.050046269,815418.9937152304,852499.7826320984,5.469571230522861,843976.2754645325,0
2024-08-31 06:00:00,979108.0604067899,985063.1960826288,962800.4992508795,970911.7346383765,0.5643396038472295,972925.1433239616,0
2024-09-01 06:00:00,1087178.5854745486,1110584.4909906276,1058593.8064556732,1083346.699697753,1.8770251419621593,1084174.999048018,0
2024-09-02 06:00:00,1245681.3501280074,1273199.8829902085,1215042.158709048,1238032.870443177,0.6404479247252178,1242091.6373808112,0
2024-09-03 06:00:00,1432590.086985337,1432590.086985337,1404350.3003188814,1405226.5197290012,3.0152663197876217,1414055.63567774,0
2024-09-04 06:00:00,1614948.2732149728,1628812.1834712902,1577875.097766907,1602297.7943920891,2.3063688766371278,1602995.0252100956,0
2024-09-05 06:00:00,1845861.3565386308,1905013.8648284955,1845861.3565386308,1862988.8599860212,1.6142327504293403,1871288.027117716,0
2024-09-06 06:00:00,2099034.384170723,2099034.384170723,2006463.6969386467,2076874.417220637,1.6941349857287966,2060790.8327766692,0
2024-09-07 06:00:00,2398043.233965914,2451096.3667040425,2348533.528379657,2401011.8462696094,0.8241388126152355,2400213.9137844364,0
2024-09-08 06:00:00,2823762.171080436,2823762.171080436,2783548.1898824275,2788014.0915965945,8.505600300766915,2798441.484186486,0
2024-09-09 06:00:00,3349564.872807676,3387747.843935617,3349564.872807676,3371300.597190162,2.0389680079322083,3369537.7713111513,0
2024-09-10 06:00:00,3833807.0591876823,3884962.218271157,3833807.0591876823,3867149.8149975026,4.1456502979030585,3861973.0308187804,0
2024-09-11 06:00:00,4167478.7724211896,4191814.058652948,3994745.3592433073,4189596.7099895133,1.50370501092822,4125385.3759619235,0
2024-09-12 06:00:00,4694527.492121536,4769637.377681681,4694527.492121536,4733398.635694637,0.10387452207204614,4732521.168499284,0
2024-09-13 06:00:00,5653192.020173146,5845599.249255674,5624239.848843041,5697297.61244429,3.831753184121755,5722378.903514334,0
2024-09-14 06:00:00,6266068.476167709,6432637.790761762,6135381.608770388,6292390.041301368,1.3580850735966483,6286803.146944505,0
2024-09-15 06:00:00,7369469.174713757,7484164.754653875,7232594.924686375,7378669.192725843,1.064102900418695,7365142.957355365,0
2024-09-16 06:00:00,8495106.163605994,8640980.300632033,8344808.11361965,8426507.096206263,4.6065686676576,8470765.17015265,0
2024-09-17 06:00:00,9812393.349355048,9977394.954236591,9812393.349355048,9910531.378992124,2.0937984808232386,9900106.560861254,0
2024-09-18 06:00:00,11425383.537444739,11532542.694627708,11415719.086732257,11418355.350600678,1.0195086511338862,11455539.043986881,0
2024-09-19 06:00:00,12829719.936736496,13243644.386913389,12829719.936736496,12936030.381494278,1.7700057418770532,13003131.568381386,0
2024-09-20 06:00:00,15561517.902787745,15864029.53763205,15227726.129037753,15371586.25045385,0.42066270151782315,15487780.639041217,0
2024-09-21 06:00:00,17723707.73156327,18078928.403517455,17510193.405905854,17743356.084618963,6.836851505303919,17777492.631347425,0
2024-09-22 06:00:00,20063945.06578159,20244509.203895155,20063945.06578159,20214306.0522502,2.747512275357438,20174253.440642316,0
2024-09-23 06:00:00,22728615.145372067,22890411.280973308,22468138.581939716,22708948.443131015,3.3272689939315434,22689166.10201468,0
2024-09-24 06:00:00,26750789.19240978,27616240.073223855,26750789.19240978,27222977.22590004,1.5188717245355536,27196668.830511224,0
2024-09-25 06:00:00,30008197.769256286,30653611.61143649,29854198.99439513,30147573.840866033,0.34222714065716464,30218461.482232552,0
2024-09-26 06:00:00,35703126.65920461,36198128.82827315,34878920.96567853,35677667.351197004,2.1509790740006474,35584905.71504956,0
2024-09-27 06:00:00,42306537.95711635,42653133.76171273,42306537.95711635,42496603.85346145,0.30892218450439146,42485425.19076351,0
2024-09-28 06:00:00,50808937.60185435,50834065.76553263,48503035.53007793,50090572.476913646,3.0725866023555475,49809224.59084139,0
2024-09-29 06:00:00,58471957.06330518,58471957.06330518,57767837.73480613,57949900.17102116,2.8338069326768887,58063231.656377494,0
2024-09-30 06:00:00,67102827.54799899,67102827.54799899,65159792.27158039,66077910.74472563,0.6924188994412933,66113510.18810167,0
2024-10-01 06:00:00,78630152.29828496,79878463.41992445,78027536.94145335,78728110.65058373,3.0072648266382624,78878037.00398718,0
2024-10-02 06:00:00,93421800.40125804,93421800.40125804,91904934.36600772,92395676.70833082,1.277843317005847,92574137.15853219,0
2024-10-03 06:00:00,112877257.12274364,114358587.16459304,110875876.56727563,112382076.8992727,1.8709651510123548,112538846.87704712,0
2024-10-04 06:00:00,138364520.0059869,138364520.0059869,135407821.79687908,137050549.62316027,0.23464715424726515,136940963.8086754,0
2024-10-05 06:00:00,148839611.59634018,152467531.48281786,148839611.59634018,151350568.30151564,0.4254274884160185,150885903.7935579,0
2024-10-06 06:00:00,181270096.46627006,182387879.7044229,181059505.22006002,181505974.2775722,0.8471864524879672,181651119.73401842,0
2024-10-07 06:00:00,219517640.34720597,221830211.56342873,218801467.82784405,219108377.2609341,0.7276954413140941,219913352.2174023,0
2024-10-08 06:00:00,270489854.21690583,270489854.21690583,267899039.71469492,269812315.1392572,1.5149258760149498,269400403.02361935,0
2024-10-09 06:00:00,317268099.55091393,326202630.54743695,308917225.5729791,315205168.0916375,2.036929736033999,316775008.0706845,0
2024-10-10 06:00:00,359741786.0543155,366797574.0764245,359741786.0543155,365639956.8504402,1.437674588631484,364059772.32706004,0
2024-10-11 06:00:00,454478904.51551443,461299461.10976607,442537356.11065036,453049758.66361773,6.206076539945783,452295525.29467803,0
2024-10-12 06:00:00,548600215.9064425,548600215.9064425,541169339.3935385,544400990.1773162,2.434711612367157,544723515.1590991,0
2024-10-13 06:00:00,648560075.2095422,654544249.1565355,643864119.6534067,645994591.7686267,1.0492170769523574,648134320.1928563,0
2024-10-14 06:00:00,767912979.48639,777968365.2205517,762551186.3659459,773378079.8812838,1.1343442268991435,771299210.4892606,0
2024-10-15 06:00:00,916846328.408495,921687208.5063981,910594289.6332034,917358647.2967628,3.398659264255614,916546715.1454548,0
2024-10-16 06:00:00,1120911758.5674098,1120911758.5674098,1089243638.9734366,1100769946.6523697,1.2770290787080152,1103641781.3977387,0
2024-10-17 06:00:00,1292364006.3158627,1314885514.7534475,1255118318.530399,1306215639.0088127,0.5593204133484606,1292073157.4308865,0
2024-10-18 06:00:00,1581786739.4876344,1616006178.6813195,1559835018.7835026,1575895183.7955825,0.4631555622868778,1583912127.0868015,0
2024-10-19 06:00:00,1828402143.1625242,1828402143.1625242,1783930839.9577851,1814056871.9889665,0.7823616251977247,1808796618.3697586,0
2024-10-20 06:00:00,2119673664.0788403,2119673664.0788403,2112541669.1542134,2115197627.754758,5.389858406184576,2115804320.3292706,0
2024-10-21 06:00:00,2410177179.180995,2453341590.6647177,2365618339.288167,2407998835.3314023,1.1406998585423476,2408986255.0947623,0
2024-10-22 06:00:00,2881808900.519693,2881808900.519693,2833864619.884759,2872776918.961467,4.3026181048444,2862816813.1219726,0
2024-10-23 06:00:00,3424623681.431718,3469638274.398971,3364798319.1715884,3461238487.0805836,1.4390654695007636,3431891693.5503807,0
2024-10-24 06:00:00,4303969908.332017,4337035441.249066,4241599773.7349863,4244487588.3526926,0.8782784455040995,4274374267.7789154,0
2024-10-25 06:00:00,5319316675.352927,5386633458.92867,5211155508.13458,5359943595.513039,5.68161668810668,5319244187.52543,0
2024-10-26 06:00:00,6313210666.995256,6313210666.995256,6196902944.611063,6258552859.199618,2.0586542007270348,6256222156.935313,0
2024-10-27 06:00:00,7402709977.979303,7439993269.9861355,7311505332.098701,7334117529.96855,2.5653698937531155,7361872044.017795,0
2024-10-28 06:00:00,8922492442.956459,9015492842.85917,8883330721.235275,8905148826.37959,2.3993349233861037,8934657463.491344,0
2024-10-29 06:00:00,10788924670.424936,11150750064.54258,10364300874.666113,10952475658.723507,0.14290177300054746,10822508865.9774,0
2024-10-30 06:00:00,14026112762.207897,14026112762.207897,13797254374.859478,13884588065.20297,6.577890137679518,13902651734.090117,0
2024-10-31 06:00:00,15936168094.092371,16256399615.543556,15936168094.092371,16031283343.61772,0.9486440950915352,16074617017.751215,0
2024-11-01 06:00:00,19116292364.29238,19116292364.29238,18810915128.492634,18878887908.2199,2.9226758748158463,18935365133.668304,0
2024-11-02 06:00:00,22051574744.816742,22232753945.193012,21856483583.34873,22079786710.083344,2.8453564509474005,22056341412.875027,0
2024-11-03 06:00:00,25920794180.939205,26774982756.88722,25920794180.939205,26479275608.94655,0.6098340734734791,26391684182.25766,0
2024-11-04 06:00:00,32036470982.70023,32877678647.006374,31899280216.211346,32036092654.724266,0.8658574314428734,32271017172.647327,0
2024-11-05 06:00:00,39016803758.17682,39239212039.27875,38526177424.5045,39070041668.87936,1.6538168020571982,38945143710.887535,0
2024-11-06 06:00:00,47333390476.07701,47915927642.11512,46374819835.90006,46667333872.698555,2.7566739194946432,46986027116.90458,0
2024-11-07 06:00:00,57600657972.611534,58535891398.504295,56681006898.22624,58126723496.037025,0.9945703898047193,57781207264.25585,0
2024-11-08 06:00:00,72662913727.30984,72946623150.61452,72005613643.44849,72494811023.40927,1.4958934619569615,72482349272.49075,0
2024-11-09 06:00:00,88477191045.51746,89834298667.2626,86643007370.61868,87765357954.10309,1.1652790971897191,88080887997.32812,0
2024-11-10 06:00:00,103626315417.21793,106784868525.27846,103271956943.80792,104754383868.8147,3.38198887023323,104937069779.30035,0
2024-11-11 06:00:00,124631302133.63474,128031281616.10518,124631302133.63474,125705851977.5476,1.1352115617038216,126122811909.09584,0
2024-11-12 06:00:00,153188697720.8394,157746485118.55276,151282755744.84586,155410724385.93872,1.3611728529330305,154813321749.7791,0
2024-11-13 06:00:00,184942379397.4488,190319990226.45242,183851795158.57846,186770531925.54703,0.9402572659708291,186980772436.85928,0
2024-11-14 06:00:00,226341587837.59427,235987160766.55786,226341587837.59427,231781403958.63794,1.8573860775642428,231370050854.26334,0
2024-11-15 06:00:00,281863113491.1416,283332416329.45325,279170002322.2654,279252974101.9076,1.3730582568640146,280585130917.8754,0
2024-11-16 06:00:00,342783634105.3015,352093860803.3045,342783634105.3015,344258711542.32135,2.0557541477860193,346378735483.6424,0
2024-11-17 06:00:00,424657104276.8183,424657104276.8183,413610822984.28015,417591650288.8025,1.5504112505961036,418619859183.3003,0
2024-11-18 06:00:00,494099805843.3762,502136285555.0084,491539949084.0672,500843024189.20636,4.211781446495572,498173086276.094,0
2024-11-19 06:00:00,616859881252.1993,620486933668.87,592565515934.602,609156303243.8932,3.122448941356152,607402917615.7885,0
2024-11-20 06:00:00,739028343668.1199,753191643893.3298,739028343668.1199,746625160884.505,0.772360194794248,746281716148.6515,0
2024-11-21 06:00:00,920752774674.5194,931169552178.2812,918485500909.8373,926402481570.8701,0.8376178968184295,925352511552.9962,0
2024-11-22 06:00:00,1140976069553.534,1175714798473.1768,1140976069553.534,1164441718919.216,3.4532329640093247,1160377528981.9756,0
2024-11-23 06:00:00,1446006436684.815,1485216924101.8254,1446006436684.815,1455996403071.733,3.8144316771538493,1462406587952.7913,0
2024-11-24 06:00:00,1730057351457.281,1795249915392.8684,1730057351457.281,1772626378555.497,0.8031986725823732,1765977881801.882,0
2024-11-25 06:00:00,2133372978611.7837,2175980981109.1926,2114693079950.9102,2132262359982.7275,4.368531367484292,2140978807014.2766,0
2024-11-26 06:00:00,2630455643858.7964,2659589400261.9517,2630455643858.7964,2657829564370.3945,0.4136951789445384,2649291536163.7144,0
2024-11-27 06:00:00,3402812905244.52,3445613090824.559,3359189103921.2065,3411749113874.3853,7.775491854496417,3405517102873.3833,0
2024-11-28 06:00:00,4288000958709.9644,4383153781351.877,4285288346336.3706,4342818614217.96,0.921576596369199,4337086913968.736,0
2024-11-29 06:00:00,5068332624757.974,5323918444928.047,5068332624757.974,5128078677068.384,2.0838318738032933,5173443248918.134,0
2024-11-30 06:00:00,6279805479799.378,6279805479799.378,6116466693304.219,6162494942596.497,2.0727109695588246,6186255705233.364,0
2024-12-01 06:00:00,7104995054232.5,7339152116930.49,7087792085991.158,7322319637314.355,0.5591823813681011,7249754613412.001,0
2024-12-02 06:00:00,9188175176823.271,9312565844654.936,9098343065020.855,9203300256139.652,0.5451547459543822,9204736388605.146,0
2024-12-03 06:00:00,11089779731739.96,11392616090638.533,11089779731739.96,11145652650423.822,2.254225036979101,11209349490934.104,0
2024-12-04 06:00:00,13630660673535.518,13691155366634.229,13615361124759.812,13679564240268.316,2.1579943413577305,13662026910554.12,0
2024-12-05 06:00:00,17000431679517.234,17557645638167.537,16583337296140.754,17141550014207.098,1.619400238941688,17094177649505.13,0
2024-12-06 06:00:00,21925291664620.883,21930792825284.152,21085178584453.855,21465019167875.49,2.4529162643319435,21493663525871.168,0
2024-12-07 06:00:00,27088213320995.086,27711506169977.83,26284432423924.57,27222412440403.215,2.46805891211485,27072783678101.87,0
2024-12-08 06:00:00,34528744654714.645,34835763750499.223,34438720127296.223,34456063471179.9,0.5748320206547013,34576849116325.113,0
2024-12-09 06:00:00,41882864639716.33,41924108477317.52,41531894574534.63,41632989697565.16,0.9763880766089076,41696330916472.44,0
2024-12-10 06:00:00,52738011916422.875,52760870098256.61,51748162416497.37,51935805273471.23,0.9847863352946478,52148279262741.73,0
2024-12-11 06:00:00,68153802230336.516,68153802230336.516,65823363017919.734,66922831552534.766,1.4587615031982757,66966665600263.664,0
2024-12-12 06:00:00,80043341270779.84,80190379995423.73,77560776420475.3,80028630638744.44,2.3262140283500763,79259929018214.48,0
2024-12-13 06:00:00,98420279753465.34,98420279753465.34,94354832467115.28,97462269606394.33,0.23979243067694986,96745793942324.98,0
2024-12-14 06:00:00,117194153349416.08,119188515400290.7,117194153349416.08,118074351944634.38,5.138652970961717,118152340231447.05,0
2024-12-15 06:00:00,146468113519790.8,149845967440332.97,146468113519790.8,148402955796511.53,1.0973893757656696,148239012252211.75,0
2024-12-16 06:00:00,190520996725143.28,197309877420384.78,187661999590696.2,193255058495767.62,2.2860872995007253,192742311835616.22,0
2024-12-17 06:00:00,232434544144508.97,236972107690334.8,232348734898177.88,235087212807154.84,1.0696742710189275,234802685131889.16,0
2024-12-18 06:00:00,289758446625174.44,291962097989531.3,280100865893310.4,288881926309812.75,0.7527978848943001,286981630064218.2,0
2024-12-19 06:00:00,356904705816754.7,363640692093543.06,350479708171763.0,362839910098696.6,3.2085407574367206,358986770121334.2,0
2024-12-20 06:00:00,443923913408031.94,449611959156420.4,438239353542664.94,444356047392270.3,1.013193751219188,444069120030451.8,0
2024-12-21 06:00:00,553350624389707.0,558027257065329.06,551976774515014.56,554511110561399.25,0.718451400121248,554838380713914.3,0
2024-12-22 06:00:00,707717608150648.5,717513893571625.1,690424223222653.8,709951469518616.9,1.095992463084158,705963195437632.0,0
2024-12-23 06:00:00,874223050677783.5,887951316127243.8,865550300138857.9,879821922583779.0,1.8350581845084304,877774512949960.1,0
2024-12-24 06:00:00,1118478819138781.8,1124089147446357.6,1112736208030206.1,1115769533996294.1,0.4903793606288798,1117531629824286.0,0
2024-12-25 06:00:00,1315512208847660.5,1344257860825163.8,1300185394705494.0,1314554042981497.8,0.7411763227772603,1319665766170718.8,0
2024-12-26 06:00:00,1710071305238504.2,1746202430331260.0,1710071305238504.2,1720340797564726.0,4.385792663883812,1725538177711496.8,0
2024-12-27 06:00:00,2184538712719859.0,2210009181917046.0,2181069555354268.5,2195243943532993.2,2.913464344615401,2195440893601436.0,0
2024-12-28 06:00:00,2668108414530553.5,2785395468454664.0,2668108414530553.5,2689931008610169.0,2.0916602290861293,2714478297198462.5,0
2024-12-29 06:00:00,3440431822325357.5,3440431822325357.5,3413981134530307.5,3418654526108526.0,1.0482570019495545,3424355827654730.5,0
2024-12-30 06:00:00,4355141094990770.0,4355141094990770.0,4231025938340599.5,4311594373887597.0,2.898157708538375,4299253802406322.5,0
2024-12-31 06:00:00,5412617523243312.0,5412617523243312.0,5273124872935808.0,5368473192939441.0,1.997366529264368,5351405196372853.0,0
2025-01-01 06:00:00,6671484511829823.0,6806307206415052.0,6671484511829823.0,6783095691487414.0,1.570113771333613,6753629136577429.0,0
2025-01-02 06:00:00,8996375448382598.0,9030326926530352.0,8815203913659839.0,8951282397329373.0,0.713073949821008,8932271079173188.0,0
2025-01-03 06:00:00,1.1966252523080858e+16,1.2019863345032036e+16,1.1795650933075764e+16,1.1987386343748072e+16,1.3558949966141312,1.193430020728529e+16,0
2025-01-04 06:00:00,1.4962144640345286e+16,1.523933312511312e+16,1.4729640932473284e+16,1.4951412014188164e+16,1.2548827828748415,1.4973462023924856e+16,0
2025-01-05 06:00:00,1.9064345720887892e+16,1.927901638977521e+16,1.9064345720887892e+16,1.9247381513780452e+16,1.0865858093855705,1.9196914541481184e+16,0
2025-01-06 06:00:00,2.486022757779928e+16,2.486022757779928e+16,2.4329862623268708e+16,2.4504338537856096e+16,1.1295067684496904,2.456480957964136e+16,0
2025-01-07 06:00:00,2.996087104162569e+16,3.0506762950771264e+16,2.9900914231425096e+16,3.011807316649146e+16,0.7858268159028201,3.0175250116229276e+16,0
2025-01-08 06:00:00,3.902942187150905e+16,3.960990579089523e+16,3.876184342679928e+16,3.890186649833243e+16,3.5560473560613284,3.909120523867565e+16,0
2025-01-09 06:00:00,5.155108521624104e+16,5.1878480544638744e+16,5.114084774110244e+16,5.138171463862781e+16,6.6724380528890865,5.1467014308123e+16,0
2025-01-10 06:00:00,6.598125954940878e+16,6.598125954940878e+16,6.372339266071287e+16,6.518993712669688e+16,0.9969467664871182,6.4964863112272856e+16,0
2025-01-11 06:00:00,8.53709339329847e+16,8.789806795471786e+16,8.486776662099674e+16,8.63333217611516e+16,0.20373439183566894,8.636638544562206e+16,0
2025-01-12 06:00:00,1.0751930888928323e+17,1.08941970823359e+17,1.0735020747707038e+17,1.0786495106835075e+17,4.587227487373494,1.0805237645626005e+17,0
2025-01-13 06:00:00,1.4431592760506246e+17,1.4799102840508438e+17,1.4127955335748603e+17,1.442771306357838e+17,2.0325163108591906,1.4451590413278474e+17,0
2025-01-14 06:00:00,1.9109270227525098e+17,1.9109270227525098e+17,1.8834336800797744e+17,1.8939971176574016e+17,2.0430295486553027,1.896119273496562e+17,0
2025-01-15 06:00:00,2.3471821182350675e+17,2.371226330715418e+17,2.3471821182350675e+17,2.3709440752792054e+17,0.576050780930745,2.3631175080765635e+17,0
2025-01-16 06:00:00,2.9694332958923603e+17,2.9694332958923603e+17,2.8795735445330035e+17,2.9545913724311654e+17,1.5240189077029604,2.9345327376188435e+17,0
2025-01-17 06:00:00,3.658869279210871e+17,3.782655181989734e+17,3.620496152754225e+17,3.712613504289367e+17,2.5654183811328473,3.705254946344442e+17,0
2025-01-18 06:00:00,4.6352582601557024e+17,4.733277737158851e+17,4.62319293624229e+17,4.706570858690949e+17,3.191267987595208,4.687680510697364e+17,0
2025-01-19 06:00:00,5.731431932488341e+17,5.758782800827557e+17,5.6282369243143354e+17,5.712769394863406e+17,0.5226774912866335,5.699929706668433e+17,0
2025-01-20 06:00:00,7.349118380134711e+17,7.439715805934908e+17,7.307519121447383e+17,7.337041455792851e+17,2.63479927552195,7.361425461058381e+17,0
2025-01-21 06:00:00,9.857119567891558e+17,1.001696974517031e+18,9.493851996979832e+17,9.883857656233286e+17,0.6455099818959459,9.79822646612781e+17,0
2025-01-22 06:00:00,1.3168843879421947e+18,1.3276567517422935e+18,1.30683602621885e+18,1.307925496802837e+18,0.9406833277405604,1.3141394249213268e+18,0
2025-01-23 06:00:00,1.7407183411226365e+18,1.7407183411226365e+18,1.7249955624725773e+18,1.725591087704389e+18,2.085825597666291,1.7304349970998674e+18,0
2025-01-24 06:00:00,2.2483590420341952e+18,2.2990363671805312e+18,2.2087219719010355e+18,2.254593854843135e+18,0.5986153153154636,2.2541173979749007e+18,0
2025-01-25 06:00:00,2.909879397667934e+18,2.958392599138588e+18,2.8447883368319473e+18,2.908361361823094e+18,0.28539618743104533,2.903847432597876e+18,0
2025-01-26 06:00:00,3.526234449430994e+18,3.6230204153848346e+18,3.5217303801069604e+18,3.539173607111501e+18,0.45889978825959227,3.561308134201098e+18,0
2025-01-27 06:00:00,4.478700702532945e+18,4.6364584156813e+18,4.433051916385061e+18,4.5044449115027057e+18,3.4067696868796054,4.5246517478563553e+18,0
2025-01-28 06:00:00,5.698371480650988e+18,5.745817192788552e+18,5.697392056606659e+18,5.703591412273675e+18,0.8414474374708761,5.715600220556295e+18,0
2025-01-29 06:00:00,7.461905694941397e+18,7.615255063562277e+18,7.338798115435873e+18,7.470072559843871e+18,0.08342032636217671,7.474708579614007e+18,0
2025-01-30 06:00:00,9.78522779913276e+18,9.78522779913276e+18,9.655229058371848e+18,9.706758361203216e+18,0.48462175573204325,9.71573840623594e+18,0
2025-01-31 06:00:00,1.3076118290319614e+19,1.3192335197769427e+19,1.292446426397327e+19,1.3074073361963037e+19,0.5976073058240762,1.3063624274568577e+19,0
2025-02-01 06:00:00,1.6545908057136587e+19,1.6910727176991142e+19,1.6545908057136587e+19,1.6898099508024592e+19,0.7405340806498889,1.678491158071744e+19,0
2025-02-02 06:00:00,2.2450545166207594e+19,2.257472372419505e+19,2.2009433399121523e+19,2.244034546269491e+19,1.129025027499865,2.2341500862003827e+19,0
2025-02-03 06:00:00,2.8855431593370067e+19,2.9500833365029667e+19,2.844020277461e+19,2.859853933062729e+19,2.1533745297811455,2.8846525156755653e+19,0
2025-02-04 06:00:00,3.6034889882962723e+19,3.690069655631221e+19,3.508773089793493e+19,3.6404504223885586e+19,2.1262321442639927,3.6130977226044244e+19,0
2025-02-05 06:00:00,4.9178121530220175e+19,5.030847126461762e+19,4.856701385817722e+19,4.9118279084328526e+19,2.3987496044020054,4.933125473570779e+19,0
2025-02-06 06:00:00,6.109373766635394e+19,6.31832714601517e+19,6.109373766635394e+19,6.2075780316217475e+19,1.7549741612956629,6.211759648090771e+19,0
2025-02-07 06:00:00,8.040470298368485e+19,8.286584626002759e+19,8.008425965130757e+19,8.112423826216932e+19,4.209333046832792,8.13581147245015e+19,0
2025-02-08 06:00:00,1.004109742372982e+20,1.0299481061880778e+20,1.0014407569866875e+20,1.0199177694315007e+20,1.0454310887864815,1.0171022108687553e+20,0
2025-02-09 06:00:00,1.3554123345349481e+20,1.4058033370401173e+20,1.3552665988557939e+20,1.3589374879807745e+20,2.830485220511722,1.3733358079588952e+20,0
2025-02-10 06:00:00,1.8256518638951816e+20,1.8256518638951816e+20,1.7467138754866387e+20,1.7856001442303348e+20,1.2756647561304573,1.7859886278707184e+20,0
2025-02-11 06:00:00,2.266452821354299e+20,2.266452821354299e+20,2.2316760582709982e+20,2.2588114956659045e+20,2.940065844960541,2.2523134584304006e+20,0
2025-02-12 06:00:00,3.0484610462322236e+20,3.0484610462322236e+20,2.9975982423100214e+20,3.0052587345057494e+20,1.407278606159204,3.017106007682665e+20,0
2025-02-13 06:00:00,3.7935873575557825e+20,3.896073111954634e+20,3.757495640691292e+20,3.8186382449199946e+20,2.2444254197027,3.8240689991886406e+20,0
2025-02-14 06:00:00,5.051262490072458e+20,5.051262490072458e+20,4.9918756255381265e+20,5.0294428012361266e+20,0.7767689625508923,5.024193638948903e+20,0
2025-02-15 06:00:00,6.681690968212203e+20,6.758781064104419e+20,6.56026368229445e+20,6.606980912527919e+20,0.0991074275727434,6.642008552975595e+20,0
2025-02-16 06:00:00,8.596203418373996e+20,8.780315361517603e+20,8.442214086801308e+20,8.671653296762867e+20,3.6340911755601457,8.631394248360593e+20,0
2025-02-17 06:00:00,1.1297435261471598e+21,1.1530678924773253e+21,1.1218380163341129e+21,1.1316868160318624e+21,3.326730410632237,1.1355309082811002e+21,0
2025-02-18 06:00:00,1.492328702914498e+21,1.532410093461803e+21,1.492328702914498e+21,1.5118088961669228e+21,5.041288946411272,1.5121825641810745e+21,0
2025-02-19 06:00:00,2.0318668012951445e+21,2.0539702312369985e+21,1.9905956855933955e+21,2.0161973371547896e+21,1.3812191494255306,2.0202544179950615e+21,0
2025-02-20 06:00:00,2.517568890426875e+21,2.5601607198947473e+21,2.510470813129254e+21,2.5261417590913683e+21,0.12252460180368806,2.5322577640384564e+21,0
2025-02-21 06:00:00,3.379426255579829e+21,3.4668880774974674e+21,3.352285741365294e+21,3.397079579212049e+21,3.1691460600090147,3.40541779935827e+21,0
2025-02-22 06:00:00,4.4891831306227973e+21,4.557675076796954e+21,4.4891831306227973e+21,4.5256079896529034e+21,0.8010518441183606,4.524155399024218e+21,0
2025-02-23 06:00:00,5.844341616530509e+21,5.98048605511126e+21,5.844341616530509e+21,5.896241487226866e+21,2.4609979730034004,5.907023052956212e+21,0
2025-02-24 06:00:00,7.786624608558091e+21,7.998723219500386e+21,7.786624608558091e+21,7.877807669537624e+21,3.212308028083779,7.887718499198701e+21,0
2025-02-25 06:00:00,1.0195089982302796e+22,1.0195089982302796e+22,1.00428927834059e+22,1.0052594721508532e+22,1.6460950461845312,1.0096859162405744e+22,0
2025-02-26 06:00:00,1.341399998363435e+22,1.3466800497333585e+22,1.3268909764874972e+22,1.341217180153876e+22,2.9010038006695336,1.338262735458244e+22,0
2025-02-27 06:00:00,1.7836289968470158e+22,1.7836289968470158e+22,1.7718910301932223e+22,1.7805414446555659e+22,2.2737469649289674,1.7786871572319347e+22,0
2025-02-28 06:00:00,2.3742029044314806e+22,2.3988729163832692e+22,2.3470530102029856e+22,2.360628976309986e+22,1.801287941259413,2.3688516342987465e+22,0
2025-03-01 06:00:00,3.1847024699654684e+22,3.240804342064254e+22,3.180267466393555e+22,3.192980672378702e+22,2.607702738236378,3.204684160278837e+22,0
2025-03-02 06:00:00,4.058617152002027e+22,4.143450331287689e+22,4.058617152002027e+22,4.1163872419359995e+22,2.0046560084284617,4.1061515750752385e+22,0
2025-03-03 06:00:00,5.6640240319284654e+22,5.693888503740767e+22,5.6357789370639165e+22,5.680040342380565e+22,2.8771413421928558,5.669902594395083e+22,0
2025-03-04 06:00:00,7.3638944527038695e+22,7.486735538368175e+22,7.274496072441835e+22,7.406685465130756e+22,1.719412794939549,7.389305691980256e+22,0
2025-03-05 06:00:00,1.0411850787339113e+23,1.043144257166082e+23,1.0225789026319336e+23,1.029969805770271e+23,1.8703705857260644,1.0318976551894289e+23,0
2025-03-06 06:00:00,1.3821975148891854e+23,1.4015505360024597e+23,1.3821975148891854e+23,1.3963311823812368e+23,1.5511731179381703,1.393359744424294e+23,0
2025-03-07 06:00:00,1.854680816228199e+23,1.854680816228199e+23,1.7841062164957533e+23,1.8482142987113467e+23,3.695728655271379,1.8290004438117665e+23,0
2025-03-08 06:00:00,2.4152632211910552e+23,2.4713710259273186e+23,2.4152632211910552e+23,2.4322380627233208e+23,0.8951227603008126,2.439624103280565e+23,0
2025-03-09 06:00:00,3.205964763894465e+23,3.281798673274504e+23,3.1369752155484856e+23,3.216500747221588e+23,3.852906589074055,3.211758212014859e+23,0
2025-03-10 06:00:00,4.305126928251554e+23,4.3322958437932356e+23,4.231751829001612e+23,4.2977239176804916e+23,1.7701590008067942,4.2872571968251125e+23,0
2025-03-11 06:00:00,5.7363032925949046e+23,5.798008203434127e+23,5.664482503410031e+23,5.720720352872381e+23,2.6621157270835845,5.727737019905513e+23,0
2025-03-12 06:00:00,7.626172897094276e+23,7.647818993602992e+23,7.451892728002548e+23,7.600296013272391e+23,1.4539979393635925,7.56666924495931e+23,0
2025-03-13 06:00:00,9.942316931327456e+23,1.0062318872315416e+24,9.88037989078602e+23,1.0058499246017645e+24,2.085491635923176,1.0000399336373027e+24,0
2025-03-14 06:00:00,1.3238548639168893e+24,1.3238548639168893e+24,1.3186035738629767e+24,1.3229705906987725e+24,1.8726335225537123,1.321809676159546e+24,0
2025-03-15 06:00:00,1.6979821639048867e+24,1.7293382239318457e+24,1.6979821639048867e+24,1.7132340704905804e+24,0.33637399463420137,1.713518152775771e+24,0
2025-03-16 06:00:00,2.2667961026778198e+24,2.3403894229629114e+24,2.1956924052456244e+24,2.2667021762483626e+24,1.98318367924552,2.2675946681522993e+24,0
2025-03-17 06:00:00,3.0262669441278857e+24,3.1202663982690734e+24,3.0262669441278857e+24,3.065115195287978e+24,1.0751475523312073,3.070549512561646e+24,0
2025-03-18 06:00:00,4.3444877035828745e+24,4.3444877035828745e+24,4.13331129500177e+24,4.2524457435271187e+24,1.3404440601084833,4.2434149140372536e+24,0
2025-03-19 06:00:00,5.578353436139599e+24,5.720004608517013e+24,5.578353436139599e+24,5.702453471591882e+24,0.7431771490289215,5.666937172082831e+24,0
2025-03-20 06:00:00,7.651504854057154e+24,7.812112082202378e+24,7.38360476786954e+24,7.612442798202718e+24,1.061691085563494,7.602719882758212e+24,0
2025-03-21 06:00:00,1.030470341562018e+25,1.0368109539025617e+25,1.0097601632962168e+25,1.0295862283994108e+25,2.7798499732235404,1.025385781866063e+25,0
2025-03-22 06:00:00,1.4388369315205612e+25,1.4388369315205612e+25,1.4230660426456469e+25,1.4262139090132279e+25,0.5032766432678264,1.429372294393145e+25,0
2025-03-23 06:00:00,1.925779956400828e+25,1.925779956400828e+25,1.8467794646804203e+25,1.8995011175469728e+25,1.0742094006077743,1.890686846209407e+25,0
2025-03-24 06:00:00,2.5818923551459247e+25,2.6330383011046094e+25,2.5163067142570506e+25,2.5900941468459145e+25,0.558317830898107,2.579813054069192e+25,0
2025-03-25 06:00:00,3.5790933790631637e+25,3.67088916564524e+25,3.478308306620082e+25,3.5689296432103853e+25,1.4492390164295972,3.5727090384919023e+25,0
2025-03-26 06:00:00,4.802308150491128e+25,4.903514604366308e+25,4.802308150491128e+25,4.872206846191165e+25,1.4073831987345309,4.859343200349534e+25,0
2025-03-27 06:00:00,6.500436734411847e+25,6.5037495436855315e+25,6.391233885957231e+25,6.476350257573821e+25,1.291745636922186,6.457111229072194e+25,0
2025-03-28 06:00:00,8.884210766755285e+25,8.985337265263844e+25,8.884210766755285e+25,8.963365812614973e+25,2.5748168970209178,8.944304614878034e+25,0
2025-03-29 06:00:00,1.2020294335298536e+26,1.2138990983565692e+26,1.1993932847444004e+26,1.2092097343886093e+26,0.8620393980702387,1.2075007058298597e+26,0
2025-03-30 06:00:00,1.723223715242119e+26,1.7400450187412493e+26,1.723223715242119e+26,1.7332979323394047e+26,0.71624467111216,1.7321888887742577e+26,0
2025-03-31 06:00:00,2.370834729495273e+26,2.4244322317448792e+26,2.3190164677948614e+26,2.3691633336348074e+26,1.2621468274141279,2.3708706777248494e+26,0
2025-04-01 06:00:00,3.1373336880099226e+26,3.17935628426992e+26,3.099008648933685e+26,3.133100449742084e+26,3.477887125705007,3.1371551276485624e+26,0
2025-04-02 06:00:00,4.164789848789391e+26,4.1932183452665245e+26,4.091069232591021e+26,4.1513381116188546e+26,1.2429345973770562,4.145208563158801e+26,0
2025-04-03 06:00:00,5.575070874750212e+26,5.641457445682244e+26,5.5069955846739996e+26,5.6412088831380816e+26,4.809775632414654,5.596553971164775e+26,0
2025-04-04 06:00:00,7.612816094410274e+26,7.636555773546148e+26,7.577129130447148e+26,7.636548743240597e+26,2.1726913621277903,7.616744549077964e+26,0
2025-04-05 06:00:00,1.0340745567486433e+27,1.0355620778872734e+27,1.0106472082147055e+27,1.0298005949912785e+27,1.6772523176600724,1.0253366270310858e+27,0
2025-04-06 06:00:00,1.3824644877685592e+27,1.3824644877685592e+27,1.3607893218629528e+27,1.3660834572060195e+27,4.910126992998726,1.3697790889458437e+27,0
2025-04-07 06:00:00,1.806779019070938e+27,1.8414996960953876e+27,1.806779019070938e+27,1.8413006543016598e+27,1.4345807833739812,1.829859789822662e+27,0
2025-04-08 06:00:00,2.5971604756983134e+27,2.600206861520807e+27,2.4928377402522737e+27,2.5861391303787393e+27,0.901438927584289,2.5597279107172737e+27,0
2025-04-09 06:00:00,3.5937291276470953e+27,3.5937291276470953e+27,3.4859038886678664e+27,3.562615929569159e+27,1.0585283223356776,3.547416315294707e+27,0
2025-04-10 06:00:00,4.7784664337205565e+27,4.861464114878685e+27,4.746126716741928e+27,4.8110960173159954e+27,1.248171624538038,4.8062289496455367e+27,0
2025-04-11 06:00:00,6.726219951466009e+27,6.733226743445185e+27,6.664324516403933e+27,6.698895519858042e+27,1.9485666869151606,6.69881559323572e+27,0
2025-04-12 06:00:00,8.871275004315285e+27,9.019356174995027e+27,8.769827778737392e+27,8.947388398884175e+27,0.8356808190707146,8.912190784205531e+27,0
2025-04-13 06:00:00,1.2006047695638472e+28,1.21034272709614e+28,1.1948997382057581e+28,1.1964485560213628e+28,3.9717986194609574,1.2005636737744204e+28,0
